Employee_ID,score
EID_22713,0.20072442
EID_9658,0.42639577
EID_22203,0.2980166
EID_7652,0.15184194
EID_6516,0.16577822
EID_20283,0.1696491
EID_21014,0.15788811
EID_7693,0.31425697
EID_13232,0.19102827
EID_6515,0.33599705
EID_13639,0.20124805
EID_14669,0.17012861
EID_16537,0.37730077
EID_5782,0.21243814
EID_20157,0.2381185
EID_1855,0.0714432
EID_20748,0.18165979
EID_23179,0.17313159
EID_12838,0.19982758
EID_21656,0.18116745
EID_8844,0.23507759
EID_1536,0.22294706
EID_8822,0.060537785
EID_11398,0.21042842
EID_12965,0.14155829
EID_5204,0.2213412
EID_10030,0.23452064
EID_13227,0.3061337
EID_20607,0.09194505
EID_14070,0.14968169
EID_3755,0.30029356
EID_5459,0.22909278
EID_7697,0.23063606
EID_3935,0.09590539
EID_19046,0.36113244
EID_4040,0.18272737
EID_17730,0.27915993
EID_4995,0.1162405
EID_24653,0.1816243
EID_6978,0.15978274
EID_13775,0.17765126
EID_14608,0.1687487
EID_3148,0.12878606
EID_24868,0.34094858
EID_5521,0.25930768
EID_21155,0.101463586
EID_3840,0.18111688
EID_10646,0.20149803
EID_6711,0.18063521
EID_16247,0.01535055
EID_16789,0.14630356
EID_17967,0.14642465
EID_13270,0.21251479
EID_18462,0.107923746
EID_22248,0.18458068
EID_22693,0.20643446
EID_25662,0.12124413
EID_23346,0.1285361
EID_4437,0.06934649
EID_18108,0.18880063
EID_7000,0.069873214
EID_22770,0.3320986
EID_7816,0.2481466
EID_19615,0.14814556
EID_23807,0.105394155
EID_16764,0.1275976
EID_16818,0.10849783
EID_22712,0.09240478
EID_18198,0.07365161
EID_11154,0.23195478
EID_22137,0.2871616
EID_11655,0.17672428
EID_18514,0.30721632
EID_24742,0.11965102
EID_16019,0.27293652
EID_7357,0.23428532
EID_20106,0.19231549
EID_13284,0.26158324
EID_5451,0.2168122
EID_19728,0.23277509
EID_9178,0.23466265
EID_13177,0.14990023
EID_14300,0.15357918
EID_4379,0.18532056
EID_11285,0.21583879
EID_14882,0.2556697
EID_9969,0.15951252
EID_23643,0.16749915
EID_5935,0.194475
EID_7741,0.06328687
EID_6176,0.26171708
EID_5418,0.24041358
EID_20626,0.1114454
EID_1725,0.16527107
EID_14317,0.17096028
EID_12120,0.17681518
EID_20264,0.12857902
EID_16691,0.061997265
EID_1093,0.09351772
EID_2565,0.20984304
EID_11463,0.1639261
EID_12005,0.14297071
EID_10326,0.16793433
EID_12582,0.109389484
EID_18228,0.15593508
EID_11670,0.1433065
EID_24257,0.16180962
EID_7024,0.15766835
EID_10382,0.19585541
EID_20210,0.19500673
EID_10294,0.26564962
EID_19941,0.36539358
EID_25572,0.15399322
EID_7758,0.2324053
EID_22718,0.33314425
EID_1078,0.3366421
EID_8227,0.30414444
EID_1702,0.15487462
EID_3532,0.2795496
EID_22452,0.16553003
EID_3019,0.08208126
EID_22264,0.20675501
EID_9866,0.18705696
EID_3520,0.24450308
EID_21098,0.33712456
EID_1186,0.17602924
EID_12355,0.24563116
EID_11020,0.21736762
EID_19193,0.10669911
EID_17787,0.12954107
EID_13719,0.05898592
EID_24449,0.2035343
EID_12957,0.27219266
EID_24794,0.30810815
EID_2866,0.19494092
EID_10563,0.15959099
EID_22492,0.27690405
EID_4106,0.15517572
EID_6648,0.16815034
EID_7209,0.101618946
EID_9692,0.30894536
EID_22763,0.096420735
EID_12622,0.14479393
EID_9831,0.19252366
EID_5731,0.15560344
EID_1114,0.15293065
EID_25017,0.20824939
EID_22956,0.058541417
EID_5549,0.3695311
EID_12022,0.27064312
EID_8034,0.4008293
EID_20644,0.073477626
EID_20125,0.16372824
EID_21957,0.32763207
EID_8870,0.17797405
EID_2305,0.23206687
EID_3977,0.12816128
EID_14845,0.2148816
EID_6629,0.31001097
EID_14577,0.11024159
EID_24509,0.09580359
EID_1530,0.18078828
EID_21524,0.31785947
EID_6647,0.16740444
EID_19730,0.17546287
EID_4424,0.017148226
EID_7964,0.25162143
EID_6289,0.26324382
EID_2899,0.14733511
EID_2827,0.13196802
EID_8801,0.24099413
EID_20454,0.3694113
EID_18988,0.1530338
EID_8405,0.24478519
EID_14497,0.14974079
EID_11769,0.3271336
EID_21353,0.21010539
EID_2221,0.15132943
EID_13218,0.15762034
EID_4576,0.1090242
EID_17470,0.29927105
EID_14817,0.09549856
EID_21845,0.17461386
EID_21987,0.18511432
EID_1168,0.13908333
EID_14315,0.16971943
EID_5043,0.22267336
EID_1967,0.17866147
EID_22274,0.06574389
EID_11091,0.22484434
EID_18421,0.16920489
EID_8316,0.14631984
EID_13308,0.23584738
EID_19481,0.17792785
EID_17732,0.2082218
EID_4504,0.16484904
EID_2539,0.009117365
EID_19529,0.17168325
EID_2279,0.14776164
EID_14508,0.15063217
EID_12241,0.2497158
EID_11530,0.22491854
EID_20147,0.22907653
EID_6154,0.13548756
EID_3523,0.21934602
EID_20453,0.2147513
EID_11929,0.11184773
EID_12840,0.24224699
EID_22320,0.1481683
EID_25383,0.13368127
EID_10731,0.07993889
EID_1017,0.27849543
EID_1819,0.32743245
EID_22849,0.20000082
EID_12290,0.21376956
EID_24238,0.08429912
EID_3105,0.26347193
EID_14242,0.16987666
EID_16569,0.30037135
EID_8094,0.24373701
EID_7824,0.16882583
EID_8978,0.13141236
EID_25314,0.25273192
EID_17810,0.12274721
EID_14856,0.054280967
EID_22144,0.2516443
EID_23603,0.06842923
EID_7211,0.23758516
EID_19340,0.4920238
EID_1501,0.055740565
EID_22111,0.21448582
EID_16147,0.077374786
EID_16746,0.3382141
EID_20777,0.37159646
EID_12999,0.32593748
EID_21663,0.14740726
EID_11862,0.20856184
EID_17683,0.19317526
EID_19819,0.07252601
EID_21562,0.22737047
EID_24390,0.14034784
EID_14444,0.15294123
EID_3261,0.12009123
EID_7752,0.21573779
EID_3033,0.16258577
EID_22433,0.2527926
EID_23727,0.2228846
EID_24107,0.17042881
EID_22537,0.24307528
EID_13645,0.121851176
EID_16021,0.20625183
EID_19800,0.23890027
EID_1944,0.15216187
EID_15868,0.13783014
EID_22188,0.15092808
EID_13833,0.15319279
EID_15028,0.18569058
EID_24861,0.18076292
EID_13033,0.14700934
EID_23673,0.18826976
EID_13265,0.16135532
EID_23411,0.25962555
EID_3761,0.100477576
EID_7299,0.14898792
EID_2379,0.16739511
EID_18863,0.14722732
EID_12115,0.13962337
EID_23879,0.16361132
EID_16586,0.28262454
EID_19003,0.1546283
EID_11107,0.19018102
EID_15416,0.1868653
EID_19214,0.17149252
EID_5135,0.24583155
EID_22464,0.153617
EID_22759,0.30222797
EID_17833,0.21005934
EID_17627,0.33328146
EID_25730,0.34628648
EID_2377,0.25697517
EID_18085,0.18901446
EID_14096,0.17915303
EID_8384,0.15799364
EID_17105,0.3375617
EID_9929,0.19041494
EID_13267,0.45186117
EID_12954,0.1665712
EID_4464,0.106061965
EID_11464,0.22471303
EID_19308,0.16108838
EID_17530,0.11009413
EID_6981,0.2687354
EID_19951,0.27772757
EID_1100,0.36663088
EID_25145,0.17959476
EID_15614,0.22209471
EID_2961,0.22657657
EID_1742,0.025005013
EID_2843,0.3574714
EID_9549,0.32032508
EID_12832,0.19979185
EID_17914,0.24513152
EID_22832,0.40190744
EID_5755,0.16079286
EID_1141,0.22931835
EID_18954,0.23576888
EID_10824,0.12668344
EID_24478,0.19116896
EID_14916,0.24236974
EID_4434,0.3465706
EID_23650,0.10426453
EID_16556,0.24447444
EID_24656,0.16396248
EID_25965,0.19870326
EID_9279,0.19927731
EID_13802,0.050861567
EID_2748,0.10828218
EID_17346,0.25720567
EID_1171,0.23767382
EID_1552,0.12475377
EID_20674,0.14827159
EID_2475,0.042000175
EID_16714,0.15966848
EID_7857,0.16613653
EID_3294,0.17851898
EID_2280,0.006844282
EID_10203,0.12197441
EID_22162,0.27899066
EID_10438,0.09934726
EID_12898,0.31865907
EID_4358,0.19002312
EID_6179,0.2533235
EID_2538,0.14464346
EID_13110,0.14775497
EID_24585,0.27684838
EID_1006,0.3352272
EID_11632,0.19791022
EID_21011,0.1547327
EID_16869,0.41735566
EID_20564,0.35716328
EID_12996,0.2109361
EID_1503,0.18175831
EID_23053,0.16102627
EID_22049,0.17586595
EID_4346,0.08684015
EID_1887,0.1857217
EID_16849,0.11793277
EID_10071,0.2430852
EID_11265,0.18684882
EID_12611,0.12692928
EID_25542,0.16485754
EID_11582,0.26975667
EID_19550,0.37913388
EID_5351,0.067799956
EID_3305,0.19283175
EID_18846,0.26712418
EID_24764,0.25724268
EID_2191,0.20129108
EID_6314,0.296234
EID_23248,0.17085889
EID_4570,0.23238474
EID_16415,0.137155
EID_11002,0.24845499
EID_20498,0.14497036
EID_7846,0.27632606
EID_24121,0.2274473
EID_7536,0.105971694
EID_2015,0.21730137
EID_7934,0.17978477
EID_20903,0.18315178
EID_17535,0.19721791
EID_19760,0.13820866
EID_9550,0.13685042
EID_4261,0.16375172
EID_19753,0.2304098
EID_13542,0.23056164
EID_24283,0.18302462
EID_7552,0.19006371
EID_11577,0.09966862
EID_3228,0.15676978
EID_17468,0.12977937
EID_15815,0.22104624
EID_2093,0.11891964
EID_21356,0.24432632
EID_12357,0.16308916
EID_18495,0.22192731
EID_5098,0.27139488
EID_12691,0.21047103
EID_13240,0.2667134
EID_19312,0.0910117
EID_23914,0.21392283
EID_23175,0.24327084
EID_15413,0.1566788
EID_4785,0.11468351
EID_25933,0.11388439
EID_22705,0.15710461
EID_19350,0.15510899
EID_5369,0.15660161
EID_20410,0.13999176
EID_12557,0.16145399
EID_17678,0.18468064
EID_1342,0.27568406
EID_12230,0.3196091
EID_1311,0.11948669
EID_5860,0.11933756
EID_4259,0.09480846
EID_10209,0.11478439
EID_2300,0.31601
EID_17408,0.13281414
EID_1883,0.19799241
EID_1053,0.22594589
EID_23610,0.12495676
EID_17585,0.19148752
EID_20845,0.12682757
EID_15683,0.13128021
EID_11976,0.20780185
EID_12031,0.16687015
EID_1711,0.13165626
EID_6239,0.24894705
EID_25541,0.019382417
EID_9308,0.08787224
EID_18168,0.18580931
EID_11934,0.32368213
EID_23472,0.41815603
EID_13731,0.14822283
EID_16069,0.24604774
EID_18276,0.19693294
EID_6141,0.2647219
EID_12061,0.1634148
EID_9450,0.3691225
EID_21730,0.21043861
EID_19506,0.2528981
EID_13552,0.10671106
EID_9945,0.14888307
EID_1924,0.29764917
EID_18453,0.16534781
EID_20225,0.21357235
EID_18673,0.11053401
EID_11420,0.18185264
EID_16631,0.33007824
EID_21237,0.1875517
EID_5015,0.16573426
EID_20179,0.29984254
EID_12073,0.25302577
EID_21147,0.2171835
EID_6714,0.22576997
EID_10645,0.14849672
EID_18298,0.18139079
EID_2640,0.19607317
EID_2318,0.29393488
EID_25226,0.1981568
EID_24099,0.16476873
EID_20938,0.22142667
EID_8377,0.1242066
EID_7023,0.47232965
EID_11385,0.2615375
EID_15016,0.16026527
EID_25794,0.24225295
EID_11494,0.39896628
EID_2425,0.2019194
EID_9847,0.27563238
EID_3570,0.074435055
EID_13573,0.23521435
EID_13780,0.24529052
EID_2949,0.2426458
EID_19834,0.19097039
EID_11384,0.18860489
EID_23154,0.1521202
EID_9337,0.117650926
EID_3653,0.13089946
EID_4850,0.16769981
EID_16283,0.13718602
EID_5107,0.24172407
EID_25156,0.2759788
EID_17223,0.31238088
EID_14695,0.11085713
EID_11374,0.17553848
EID_13672,0.23169622
EID_6782,0.30065286
EID_25074,0.25449693
EID_21087,0.17708221
EID_13017,0.18911716
EID_9947,0.44697887
EID_21221,0.20285732
EID_21639,0.18236136
EID_20333,0.04162681
EID_2970,0.1289269
EID_7624,0.15400076
EID_15741,0.10484657
EID_1312,0.0609338
EID_19575,0.18056527
EID_21047,0.19299069
EID_11969,0.21210134
EID_19145,0.47063124
EID_9871,0.14698142
EID_18852,0.15731758
EID_22326,0.13468531
EID_7259,0.15517032
EID_21920,0.24501923
EID_1436,0.22207177
EID_8261,0.22261167
EID_23228,0.25041378
EID_5560,0.21890154
EID_22357,0.2099523
EID_4816,0.20199147
EID_10000,0.16023844
EID_21908,0.20724219
EID_14887,0.26044685
EID_12497,0.15497157
EID_17976,0.16884932
EID_17356,0.16621646
EID_9785,0.2744883
EID_16224,0.29309398
EID_6020,0.24657142
EID_20716,0.15254566
EID_11351,0.24513265
EID_20899,0.18700173
EID_9718,0.17723593
EID_9479,0.17404953
EID_25048,0.31461704
EID_23370,0.08752003
EID_13877,0.088767916
EID_12256,0.13783091
EID_1903,0.33156765
EID_8830,0.24697354
EID_22060,0.08885723
EID_11996,0.16801885
EID_21061,0.11235157
EID_22604,0.17076296
EID_18463,0.09966546
EID_11375,0.18671602
EID_2685,0.22505
EID_16010,0.28152442
EID_19288,0.25373042
EID_9283,0.6315812
EID_11122,0.119656295
EID_6638,0.18267682
EID_25516,0.15020314
EID_3864,0.18615705
EID_9746,0.13736245
EID_8407,0.15013236
EID_25463,0.22684944
EID_23098,0.18777293
EID_22512,0.22938609
EID_14671,0.12737852
EID_18482,0.19733614
EID_8151,0.19117433
EID_16624,0.08997935
EID_1983,0.16944388
EID_18445,0.10857174
EID_11891,0.23038462
EID_2010,0.18861514
EID_4592,0.0873068
EID_17412,0.15569866
EID_24883,0.18880531
EID_15661,0.16414204
EID_11757,0.23119825
EID_2627,0.31344366
EID_13243,0.12624073
EID_10917,0.17634884
EID_4360,0.23069796
EID_13536,0.13649926
EID_10695,0.22618976
EID_5746,0.08517468
EID_1178,0.18347645
EID_15290,0.26514593
EID_3540,0.20650616
EID_14684,0.10874954
EID_7914,0.09506005
EID_23733,0.108885795
EID_5907,0.28238052
EID_5142,0.33169687
EID_7686,0.21151456
EID_12078,0.17354512
EID_4880,0.13783336
EID_1527,0.16950801
EID_15919,0.22178596
EID_1260,0.1779105
EID_22377,0.04337737
EID_7876,0.062043637
EID_1213,0.042144805
EID_4161,0.16567484
EID_3214,0.08085373
EID_17651,0.22405633
EID_8005,0.069571376
EID_12852,0.08206126
EID_21465,0.086209714
EID_7371,0.16237488
EID_25687,0.118344784
EID_17222,0.1289101
EID_1994,0.24383542
EID_22384,0.2531755
EID_6344,0.17441961
EID_18801,0.14284521
EID_13688,0.15818629
EID_13779,0.17031503
EID_24969,0.09892017
EID_15311,0.18382078
EID_9095,0.15686658
EID_11675,-0.012914777
EID_14870,0.34653163
EID_1575,0.26398677
EID_7440,0.12683761
EID_24259,0.171693
EID_19501,0.33606797
EID_23743,0.14151683
EID_13287,0.13208684
EID_2226,0.12196618
EID_22439,0.08978847
EID_16078,0.133353
EID_18895,0.15920293
EID_19860,0.18730852
EID_24564,0.25656205
EID_21747,0.27825376
EID_4659,-0.00015580654
EID_24149,0.20819524
EID_13300,0.10091075
EID_16950,0.32059276
EID_23778,0.23429036
EID_14691,0.16493014
EID_10789,0.2842721
EID_5525,0.2759204
EID_19424,0.3565536
EID_6171,0.14549041
EID_19569,0.10896397
EID_4602,0.29571685
EID_17919,0.21698868
EID_4286,0.30310416
EID_1973,0.08789843
EID_25715,0.23295733
EID_23385,0.19260937
EID_13681,0.21081746
EID_25410,0.21537855
EID_18267,0.19752818
EID_15252,0.35956514
EID_23214,0.23965621
EID_18551,0.286721
EID_2401,0.14001986
EID_7609,0.23560205
EID_21291,0.25032383
EID_10126,0.4114628
EID_19714,0.35551488
EID_4911,0.2500814
EID_12505,0.2435143
EID_10377,0.18945095
EID_3407,0.23516223
EID_3386,0.22974461
EID_7623,0.12511677
EID_19517,0.13137972
EID_21782,0.40353408
EID_12361,0.06494868
EID_21171,0.15568042
EID_17836,0.20758015
EID_20286,0.2166821
EID_25798,0.10607162
EID_15699,0.2688546
EID_17006,0.1314646
EID_22476,0.09212518
EID_9406,0.12173203
EID_13559,0.22722873
EID_1340,0.028184056
EID_17848,0.25246432
EID_20358,0.17380533
EID_14265,0.19956651
EID_9820,0.20584214
EID_13755,0.15521827
EID_13293,0.20379698
EID_25837,0.29292762
EID_20466,0.1120542
EID_11032,0.18662483
EID_2399,0.21958601
EID_23917,0.25486457
EID_17011,0.20109046
EID_8967,0.12666324
EID_24468,0.23308384
EID_8435,0.2416121
EID_17953,0.16714522
EID_7140,0.1700162
EID_24404,0.17183712
EID_14380,0.3201103
EID_1232,0.19752717
EID_1573,0.20492658
EID_3684,0.23460889
EID_15824,0.2974162
EID_9212,0.11899212
EID_21121,0.18005338
EID_6346,0.20272908
EID_9525,0.10638258
EID_9726,0.1622999
EID_2526,0.332321
EID_4228,0.18328017
EID_14595,0.16720328
EID_15856,0.18335843
EID_6768,0.21932778
EID_23953,0.2507138
EID_19059,0.08474252
EID_5268,0.20070088
EID_7619,0.23675624
EID_23028,0.11789253
EID_22104,0.14747635
EID_10318,0.14377922
EID_25369,0.20235631
EID_16633,0.22097892
EID_15848,0.29054487
EID_2240,0.31104398
EID_1059,0.29496247
EID_9315,0.27345848
EID_15388,0.12222457
EID_9984,0.10264754
EID_4296,0.12526068
EID_10927,0.14630148
EID_25054,0.17185009
EID_1884,0.15201703
EID_21960,0.22590768
EID_5572,0.09496999
EID_16872,0.23002276
EID_24525,0.24758491
EID_14237,0.101029664
EID_7114,0.22333938
EID_7448,0.08284837
EID_17668,0.06011489
EID_7674,0.16618982
EID_5884,0.1181134
EID_13942,0.13882235
EID_13098,0.28372294
EID_7695,0.20873144
EID_5350,0.12526622
EID_22853,0.18223646
EID_2385,0.2085228
EID_18006,0.17177007
EID_12875,0.117209315
EID_5478,0.2003636
EID_18690,0.1019066
EID_12545,0.18820113
EID_13888,0.16984332
EID_9732,0.2651077
EID_18001,0.29965082
EID_17479,0.07799244
EID_23757,0.13116363
EID_1303,0.2729492
EID_5375,0.11926195
EID_5869,0.21574315
EID_8825,0.24401236
EID_22567,0.11772314
EID_16273,0.17435306
EID_20618,0.20899653
EID_3608,0.17205012
EID_8806,0.08051756
EID_23170,0.1525248
EID_12243,0.11335236
EID_20089,0.2010465
EID_16852,0.0919095
EID_18312,0.18228513
EID_14010,0.12707844
EID_14705,0.14834958
EID_20956,0.08784309
EID_18794,0.19423175
EID_1629,0.108199894
EID_25483,0.21567348
EID_4542,0.15966025
EID_10076,0.1931656
EID_9469,0.13945958
EID_25284,0.2243543
EID_11972,0.061753273
EID_1798,0.27633452
EID_21903,0.19493383
EID_20031,0.16931897
EID_20365,0.13419333
EID_9210,0.10580954
EID_19750,0.15041813
EID_4006,0.16310614
EID_24922,0.050317258
EID_4760,0.3004088
EID_11035,0.08945054
EID_21008,0.2507362
EID_23731,0.18760899
EID_21788,0.17826292
EID_5428,0.17409575
EID_14023,0.20991358
EID_2937,0.21394354
EID_16931,0.23610935
EID_18299,0.2920848
EID_6660,0.27553204
EID_23187,0.24024612
EID_14868,0.08382377
EID_23247,0.13643879
EID_15971,0.26758412
EID_7852,0.3091814
EID_7017,0.41207933
EID_7494,0.20529675
EID_18706,0.19498545
EID_22784,0.19715789
EID_10756,0.10073051
EID_6854,0.35154223
EID_12554,0.13708395
EID_1162,0.19158545
EID_19581,0.133775
EID_2169,0.22939229
EID_25149,0.2608714
EID_22575,0.28733006
EID_2265,0.31419086
EID_19668,0.17799309
EID_19245,0.21152058
EID_8194,0.1341219
EID_8081,0.19826674
EID_8670,0.35268542
EID_7992,0.2450436
EID_6596,0.19228745
EID_3699,0.52530843
EID_9698,0.2656873
EID_1847,0.0067951977
EID_16179,0.18425861
EID_23663,0.1678159
EID_24287,0.25741112
EID_3527,0.24370193
EID_18652,0.18990195
EID_24110,0.16513792
EID_21419,0.23890668
EID_12865,0.17803353
EID_9237,0.19357663
EID_20408,0.24242768
EID_22934,0.14775923
EID_6492,0.27913317
EID_20285,0.23397046
EID_1286,0.19514012
EID_12542,0.20894799
EID_5523,0.09532738
EID_1979,0.06534895
EID_23146,0.15863335
EID_4773,0.18420374
EID_8785,0.29524696
EID_4463,0.5128787
EID_24028,0.14042276
EID_20920,0.09490469
EID_21392,0.2131486
EID_4079,0.15880537
EID_5173,0.2003094
EID_22915,0.21056935
EID_18347,0.22788605
EID_7984,0.28008115
EID_25148,0.12304503
EID_4350,0.3229896
EID_6909,0.12709051
EID_10582,0.1679045
EID_6248,0.0876455
EID_10035,0.22356364
EID_24603,0.43566787
EID_1794,0.26491454
EID_9407,0.26561546
EID_2114,0.16624603
EID_21125,0.19382095
EID_15046,0.26914802
EID_8058,0.14112028
EID_1961,0.15772498
EID_23324,0.17557314
EID_21521,0.3651253
EID_11043,0.31282663
EID_6461,0.29639405
EID_10398,0.13535771
EID_20635,0.13864598
EID_22940,0.15595928
EID_8582,0.23049796
EID_12770,0.11797351
EID_15982,0.21906343
EID_19692,0.14158183
EID_18304,0.3428579
EID_13603,0.1704902
EID_6145,0.29663318
EID_16587,0.16869324
EID_16835,0.2742208
EID_8399,0.1634829
EID_7012,0.21094343
EID_20575,0.2100426
EID_20747,0.20424491
EID_3907,0.17273471
EID_22626,0.19187754
EID_4442,0.1729027
EID_18034,0.21003476
EID_16055,0.2258805
EID_21684,0.1761176
EID_17499,0.23307931
EID_1222,0.2301712
EID_17204,0.12180939
EID_22732,0.1276133
EID_8539,0.12877238
EID_23136,0.20159194
EID_24470,0.32131395
EID_17404,0.15412965
EID_21498,0.087082624
EID_19495,0.20226997
EID_23966,0.18063053
EID_1388,0.19682544
EID_7374,0.16129562
EID_25441,0.22921485
EID_16616,0.40777832
EID_7654,0.53295255
EID_4217,0.10741964
EID_9968,0.20535395
EID_17830,-0.098397255
EID_12023,0.13593677
EID_24002,0.24238852
EID_11371,0.08317566
EID_11096,0.17326447
EID_24835,0.32375044
EID_17439,0.115840375
EID_6587,0.25711858
EID_21946,0.22819072
EID_5431,0.21241719
EID_4723,0.15556464
EID_11535,0.2148785
EID_2330,0.23958889
EID_23531,0.20584509
EID_8913,0.20168877
EID_21273,0.22396049
EID_11927,0.2225923
EID_1385,0.18996727
EID_15758,0.10991281
EID_1023,0.16001546
EID_8959,0.13872522
EID_12911,0.1776998
EID_15925,0.14836267
EID_17769,0.14177933
EID_19842,0.17236942
EID_15875,0.16011068
EID_21284,0.17706436
EID_24825,0.19094947
EID_23825,0.23232666
EID_13001,0.24335253
EID_25601,0.15397945
EID_24670,0.19082138
EID_24412,0.22451755
EID_18712,0.18445453
EID_21138,0.21951672
EID_19335,0.120726705
EID_16753,0.1715458
EID_24399,0.3576176
EID_12567,0.1238094
EID_22161,0.17104167
EID_12609,0.31687587
EID_22249,0.19336212
EID_5314,0.24760187
EID_1897,0.15613955
EID_22507,0.1627895
EID_2878,0.1706016
EID_10098,0.18016255
EID_18435,0.29144445
EID_8063,0.13859883
EID_3512,0.23512119
EID_24444,0.22606438
EID_9813,0.24084893
EID_25132,0.22965172
EID_5613,0.2074664
EID_14062,0.2554323
EID_20073,0.22055805
EID_12506,0.08507356
EID_1092,0.30810112
EID_15895,0.086610675
EID_1039,0.15468988
EID_22016,0.33678672
EID_6764,0.19130287
EID_17384,0.19145054
EID_8705,0.34075886
EID_14832,0.28458908
EID_16473,0.33863354
EID_11186,0.22419772
EID_7476,0.12671274
EID_19671,0.13439873
EID_14001,0.1070402
EID_10658,0.28855836
EID_6668,0.21733665
EID_13786,0.15274012
EID_11224,0.13720143
EID_13296,0.283377
EID_22145,0.19097418
EID_6494,0.29801148
EID_1649,0.26051694
EID_20878,0.32881892
EID_3790,0.2615064
EID_9257,0.2463477
EID_14917,0.13325119
EID_22052,0.34698966
EID_1198,0.285995
EID_8478,0.26853743
EID_2071,0.20219997
EID_1250,0.17373502
EID_9000,0.06586766
EID_17319,0.36537784
EID_21794,0.23826757
EID_23350,0.19091138
EID_16278,0.05853325
EID_3330,0.23132524
EID_12584,0.14367267
EID_9354,0.26017803
EID_15007,0.31089622
EID_11656,0.19464818
EID_22526,0.08700389
EID_11027,0.20699999
EID_21588,0.25460726
EID_13717,0.24485856
EID_8073,0.2723989
EID_15972,0.17132518
EID_5730,0.09488827
EID_23968,0.17442787
EID_4299,0.27511114
EID_6302,0.2757666
EID_6974,0.20276502
EID_4829,0.21806267
EID_21139,0.17738795
EID_23456,0.13109446
EID_20110,0.3537215
EID_20342,0.20991257
EID_15238,0.17216474
EID_10349,0.090827286
EID_10077,0.20727056
EID_22330,0.23465192
EID_4368,0.18179655
EID_8859,0.13832206
EID_24277,0.17001313
EID_1061,0.22518334
EID_5597,0.10862821
EID_4820,0.27475536
EID_5863,0.1576533
EID_23680,0.23392794
EID_5542,0.13567409
EID_6203,0.15016136
EID_5355,0.26404792
EID_19669,0.29052284
EID_21725,0.37650234
EID_2138,0.114411294
EID_24278,0.07954618
EID_6591,0.3573019
EID_21056,0.17605716
EID_18759,0.13712698
EID_12059,0.16059613
EID_11077,0.15791586
EID_17216,0.2709369
EID_15655,0.1685571
EID_19017,0.11426765
EID_17846,0.15309244
EID_6418,0.21974131
EID_25942,0.16462195
EID_5420,0.23650217
EID_11764,0.18768263
EID_16483,0.20728561
EID_1901,0.11736593
EID_21480,0.18717796
EID_8006,0.2267367
EID_1282,0.22361079
EID_6895,0.17092326
EID_13677,0.22799024
EID_6071,0.15289319
EID_14425,0.2101933
EID_22685,0.10981414
EID_20203,0.12867337
EID_19161,0.17188141
EID_1947,0.11793473
EID_16574,0.20086202
EID_2561,0.0824846
EID_20668,0.39528304
EID_7831,0.15081343
EID_8769,0.097319365
EID_25191,0.21393481
EID_15590,0.17170736
EID_12458,0.105618894
EID_11406,0.0729557
EID_17629,0.18850842
EID_4632,0.083415866
EID_18455,0.113621265
EID_23077,0.14836642
EID_25024,0.12721846
EID_6269,0.19202408
EID_12100,0.22437534
EID_23190,0.32968482
EID_9030,0.20865875
EID_12359,0.16687426
EID_12041,0.16539967
EID_2019,0.18620735
EID_22974,0.10714528
EID_10351,0.2085445
EID_23630,0.2363159
EID_7309,0.21424997
EID_19821,0.12812093
EID_4033,0.18123543
EID_3435,0.2370243
EID_5759,0.17861456
EID_12826,0.24731922
EID_8148,0.15459377
EID_16088,0.12874788
EID_15783,0.19240311
EID_19521,0.2777254
EID_13016,0.22654381
EID_13708,0.2624719
EID_4237,0.25504106
EID_3620,0.23187304
EID_10042,0.2596658
EID_8833,0.22815767
EID_21028,0.0806829
EID_3485,0.16595468
EID_23372,0.1428009
EID_19410,0.10309905
EID_6598,0.12739998
EID_25371,0.10615173
EID_19483,0.13588631
EID_22826,0.04837197
EID_23606,0.13669223
EID_9346,0.27772063
EID_1608,0.09014732
EID_1603,0.17094019
EID_23041,0.16351205
EID_7801,0.11265525
EID_22456,0.31025916
EID_24428,0.2768559
EID_10811,0.21304137
EID_24566,0.27389568
EID_2531,0.16004342
EID_10878,0.185814
EID_19548,0.08733094
EID_11988,0.16640326
EID_11378,0.22214982
EID_9896,0.14128667
EID_17323,0.3083272
EID_24976,0.22348818
EID_11249,0.11211914
EID_20395,0.24645111
EID_18262,0.046739787
EID_14670,0.26286405
EID_12880,0.099660546
EID_1406,0.16275635
EID_23014,0.36084712
EID_5224,0.11577758
EID_3232,0.19639787
EID_22327,0.2745202
EID_2285,0.12606138
EID_20468,0.22622108
EID_4443,0.024600416
EID_15641,0.1896598
EID_8106,0.2307829
EID_13958,0.2163147
EID_10214,0.16780159
EID_17739,0.19954282
EID_13347,0.26004323
EID_23453,0.17317557
EID_1477,0.21769926
EID_20224,0.34055242
EID_2362,0.23561198
EID_21421,0.26761708
EID_7860,0.08373666
EID_10286,0.14217222
EID_7184,0.19952092
EID_21742,0.124232054
EID_21610,0.106303245
EID_19375,0.18982223
EID_18564,0.4232691
EID_19108,0.14932555
EID_17928,0.07088396
EID_25613,0.15586182
EID_23787,0.12350613
EID_2392,0.41002968
EID_7574,0.32780808
EID_9810,0.21478802
EID_14332,0.19060513
EID_20937,0.27273113
EID_7827,0.20612839
EID_7457,0.13565734
EID_11152,0.25704634
EID_12917,0.12732783
EID_18590,0.4245736
EID_15327,0.22331634
EID_11687,0.32298917
EID_5179,0.15326467
EID_5623,0.3733092
EID_25331,0.17164046
EID_24386,0.07658097
EID_6507,0.19275782
EID_7842,0.1689437
EID_12018,0.15574393
EID_6640,0.19526485
EID_9872,0.2346831
EID_2331,0.12183228
EID_19685,0.14209023
EID_25701,0.16830608
EID_25681,0.20868275
EID_20151,0.1904239
EID_8980,0.23692149
EID_12719,0.16351154
EID_20075,0.36518374
EID_14984,0.13686323
EID_8177,0.19853154
EID_1360,0.22636423
EID_24812,0.07252088
EID_8480,0.23225829
EID_14567,0.12953731
EID_16194,0.14028847
EID_10020,0.23983917
EID_7321,0.2744468
EID_15387,0.18252173
EID_19419,0.14674833
EID_20496,0.22764719
EID_1308,0.1660527
EID_14770,0.25616533
EID_21893,0.26870966
EID_10990,0.15550914
EID_17521,0.10797426
EID_15274,0.18015704
EID_24001,0.2668298
EID_4111,0.36585197
EID_4284,0.08687633
EID_19682,0.08786529
EID_14871,0.20863652
EID_18152,0.25415328
EID_12520,0.3503108
EID_4739,0.041353643
EID_8424,0.16015223
EID_23600,0.178886
EID_25891,0.13577569
EID_11618,0.09685543
EID_12674,0.15190452
EID_5999,0.19549963
EID_18063,0.12120232
EID_14859,0.22475228
EID_20353,0.29238698
EID_22962,0.1848878
EID_19650,0.28565937
EID_6108,0.21261594
EID_19012,0.3716331
EID_22925,0.36846668
EID_15619,0.1623792
EID_19998,0.2287789
EID_20052,0.2161018
EID_25044,0.14396885
EID_5422,0.14411768
EID_15354,0.35709745
EID_3804,0.16941327
EID_23277,0.2832989
EID_12336,0.1687133
EID_24839,0.10903001
EID_1651,0.16257599
EID_24355,0.14929113
EID_24276,0.2176528
EID_10346,0.15151075
EID_9579,0.07929507
EID_23242,0.13642094
EID_23541,0.22172898
EID_14741,0.17096484
EID_7783,0.20438191
EID_12569,0.1681231
EID_3834,0.07346097
EID_6799,0.36569858
EID_15609,0.16265878
EID_5496,0.11491829
EID_5080,0.12874001
EID_14834,0.21098271
EID_18266,0.2720052
EID_1182,0.12941861
EID_6445,0.270087
EID_18656,0.4140945
EID_24011,0.22819471
EID_25093,0.14833292
EID_11334,0.2349934
EID_15785,0.16784257
EID_8060,0.28305322
EID_4349,0.049542427
EID_22525,0.20882916
EID_1231,0.2796086
EID_2127,0.13300878
EID_4047,0.3639345
EID_12989,0.16756406
EID_17726,0.24653807
EID_1602,0.1069361
EID_5945,0.12342453
EID_15166,0.19686082
EID_25317,0.17483196
EID_18848,0.10026562
EID_14455,0.19299924
EID_9724,0.49356505
EID_22697,0.06473294
EID_16505,0.25608212
EID_11616,0.2783861
EID_10352,0.18884164
EID_24093,0.32791087
EID_11826,0.1559692
EID_24211,0.17327952
EID_14709,0.1350441
EID_18747,0.3386099
EID_16077,0.48302332
EID_15440,0.060875297
EID_4935,0.24284568
EID_13791,0.13572335
EID_16876,0.19816294
EID_1335,0.10918087
EID_19086,0.25153142
EID_12872,0.14514619
EID_11623,0.17352998
EID_7807,0.21857604
EID_9605,0.20824978
EID_12736,0.38269496
EID_20565,0.2044301
EID_17225,0.12680465
EID_19974,0.22317886
EID_16045,0.24262196
EID_2082,0.3449173
EID_22219,0.10559288
EID_19439,0.2796382
EID_2979,0.1133011
EID_24414,0.19382223
EID_15148,0.1157203
EID_10690,0.3356355
EID_16346,0.12555021
EID_22752,0.18590257
EID_21746,0.19809452
EID_1705,0.15977764
EID_7498,0.2785864
EID_6874,0.18362501
EID_4543,0.1619297
EID_8931,0.21946499
EID_16435,0.35332185
EID_16767,0.08739975
EID_3058,0.13523191
EID_16381,0.33847362
EID_17190,0.15304035
EID_7079,0.13785586
EID_10191,0.31043613
EID_1378,0.036462337
EID_20222,0.3512518
EID_6156,0.09698838
EID_5975,0.1830943
EID_18682,0.2979835
EID_8837,0.01773268
EID_24686,0.16857171
EID_9869,0.21994409
EID_14673,0.41185796
EID_14443,0.15114775
EID_21591,0.2334437
EID_25240,0.108821005
EID_18365,0.12163395
EID_9260,0.28382486
EID_10696,0.2596599
EID_18012,0.17147735
EID_17421,0.21054065
EID_23615,0.26486397
EID_14132,0.27715543
EID_13168,0.30263925
EID_16973,0.20354894
EID_13426,0.3326977
EID_1493,0.084653884
EID_3994,0.15377253
EID_10574,0.21643096
EID_12394,0.18031755
EID_4781,0.32835066
EID_24911,0.09387097
EID_3205,0.14841333
EID_25568,0.17827675
EID_4343,0.17395285
EID_4330,0.13679436
EID_12518,0.19338939
EID_18426,0.263062
EID_3862,0.14547467
EID_13478,0.19119346
EID_5607,0.093174934
EID_22353,0.11892268
EID_18346,0.08174911
EID_5978,0.1667709
EID_3391,0.07820678
EID_8525,0.3431583
EID_5245,0.2029702
EID_11791,0.12109423
EID_22913,0.12247914
EID_15587,0.19433376
EID_4851,0.20155433
EID_3432,0.10289076
EID_13090,0.13079613
EID_15117,0.21625695
EID_22004,0.15222716
EID_16053,0.2521714
EID_16458,0.2609782
EID_8021,0.124899834
EID_24385,0.23734313
EID_7053,0.378596
EID_13544,0.06387183
EID_9014,0.17742765
EID_9246,0.24426812
EID_15642,0.16069028
EID_12295,0.28261882
EID_7925,0.076055795
EID_18473,0.2481933
EID_19427,0.19030106
EID_17027,0.13989383
EID_22093,0.20082933
EID_25611,0.20426258
EID_20490,0.08417213
EID_4204,0.23231494
EID_2604,0.2893154
EID_16152,0.33812436
EID_8563,0.25368834
EID_18620,0.19107425
EID_11012,0.072692424
EID_19598,0.13609114
EID_13159,0.33109054
EID_13171,0.11040726
EID_8374,0.16000775
EID_9838,0.23034656
EID_18489,0.19765195
EID_17451,0.14525771
EID_7269,0.1454286
EID_20548,0.13957718
EID_9466,0.15597388
EID_16085,0.08136991
EID_24082,0.25097054
EID_5078,0.20094252
EID_23951,0.15749925
EID_8327,0.35294315
EID_5904,0.19658911
EID_11085,0.1835505
EID_21437,0.14100826
EID_7471,0.16397768
EID_12046,0.1609323
EID_18653,0.24786824
EID_14175,0.19714713
EID_5514,0.19631323
EID_20148,0.14482245
EID_14260,0.1579223
EID_15574,0.1839096
EID_7287,0.09440532
EID_18889,0.2132209
EID_13106,0.3152117
EID_15448,0.14511174
EID_25897,0.11441851
EID_23758,0.17423505
EID_23208,0.05875659
EID_13646,0.039347053
EID_5467,0.16989782
EID_6022,0.22361079
EID_10923,0.17106542
EID_10408,0.2055152
EID_4186,0.10098523
EID_22022,0.148177
EID_16390,0.11637026
EID_19493,0.13967127
EID_12519,0.15734726
EID_23549,0.26606277
EID_17612,0.37064838
EID_25007,0.16287833
EID_1949,0.25378343
EID_23313,0.22485873
EID_22516,0.28004324
EID_21836,0.13801551
EID_7268,0.2525599
EID_8202,0.21512166
EID_6613,0.08120081
EID_2596,0.22969368
EID_19849,0.18754688
EID_11546,0.2564632
EID_3942,0.20269272
EID_7899,0.14952415
EID_4802,0.3020032
EID_6725,0.15207854
EID_3835,0.20407557
EID_9511,0.23009893
EID_5757,0.12349838
EID_24838,0.15405613
EID_15225,0.18386146
EID_8238,0.40548056
EID_2826,0.21075466
EID_20774,0.2822098
EID_19311,0.2132873
EID_12339,0.21215889
EID_1583,0.24303463
EID_1033,0.05376059
EID_10764,0.07208243
EID_17203,0.15574124
EID_1345,0.15331468
EID_4951,0.13029286
EID_16956,0.22326997
EID_9203,0.43243313
EID_7021,0.25847846
EID_8707,0.16672647
EID_5209,0.17292506
EID_20428,0.2785227
EID_10913,0.26144344
EID_11507,0.1404104
EID_3693,0.12118986
EID_22857,0.39908946
EID_18744,0.13388029
EID_19600,0.17201453
EID_21336,0.047245175
EID_17676,0.14865339
EID_1678,0.26901224
EID_4889,0.4095839
EID_9961,0.2446895
EID_23386,0.30308744
EID_19835,0.23494023
EID_9519,0.19162473
EID_5449,0.09439281
EID_20640,0.16370073
EID_16387,0.23880565
EID_20293,0.15265715
EID_2296,0.12148988
EID_11827,0.11133769
EID_21522,0.30268395
EID_2767,0.19079837
EID_2873,0.10041338
EID_2603,0.2332809
EID_2674,0.068629086
EID_23682,0.16796675
EID_13310,0.1712234
EID_6523,0.08708793
EID_13056,0.14931062
EID_7244,0.3414201
EID_1072,0.24160543
EID_25833,0.079959065
EID_11244,0.17194459
EID_22918,0.18843186
EID_16735,0.3306043
EID_4201,0.23779136
EID_5998,0.2960251
EID_19254,0.20736328
EID_16653,0.1010623
EID_11729,0.14888346
EID_19573,0.3170371
EID_21463,0.15625826
EID_5899,0.09616488
EID_23613,0.1684753
EID_8609,0.2753608
EID_2660,0.254848
EID_1333,0.27215204
EID_3212,0.22795367
EID_7830,0.25178504
EID_4372,0.18145233
EID_15955,0.2511782
EID_22059,0.29482976
EID_22804,0.14286101
EID_4700,0.20257622
EID_14401,0.24448776
EID_19971,0.16768822
EID_10684,0.032559723
EID_21512,0.13964179
EID_16722,0.28479022
EID_16012,0.12406221
EID_19093,0.18250841
EID_25636,0.11992821
EID_10567,0.2109999
EID_11601,0.17433247
EID_25697,0.1216698
EID_22131,0.20948422
EID_8511,0.12178257
EID_18114,0.24622571
EID_12784,0.17999691
EID_12820,0.2849458
EID_4512,0.1893605
EID_5837,0.11137852
EID_12564,0.25720358
EID_16737,0.08825606
EID_25986,0.25368246
EID_8729,0.110716105
EID_4386,0.124565035
EID_5223,0.18363842
EID_1494,0.249123
EID_22699,0.28755802
EID_1083,0.107681006
EID_1329,0.2442554
EID_3550,0.21782309
EID_18845,0.19069317
EID_17946,0.29745364
EID_1712,0.25141
EID_12024,0.056056857
EID_2974,0.19940904
EID_12806,0.1962265
EID_10396,0.1986242
EID_3998,0.13119927
EID_22451,0.17037323
EID_12242,0.19883835
EID_18599,0.24340945
EID_9423,0.10773176
EID_25347,0.17609233
EID_20183,0.17835793
EID_18079,0.3515956
EID_10059,0.34355626
EID_1322,0.19057634
EID_18109,0.19116554
EID_7325,0.21398178
EID_6000,0.18276057
EID_10760,0.10826218
EID_24380,0.28103843
EID_7070,0.29224738
EID_2796,0.18091759
EID_18860,0.12113944
EID_13597,0.26373884
EID_6858,0.16707131
EID_14987,0.14959228
EID_8902,0.44437426
EID_9453,0.22438353
EID_20605,0.21966594
EID_16020,0.1952467
EID_6335,0.21113238
EID_1317,0.109184295
EID_5575,0.15176198
EID_17433,0.28055388
EID_6238,0.22028649
EID_10734,0.24847159
EID_7661,0.21761027
EID_9281,0.1509651
EID_19259,0.16324452
EID_9544,0.38194695
EID_2572,0.22680664
EID_12706,0.2069135
EID_20500,0.16284412
EID_19258,0.17033377
EID_15915,0.15295565
EID_25265,0.16147521
EID_16567,0.21578637
EID_19553,0.1702722
EID_25403,0.16549444
EID_10354,0.15671125
EID_19522,0.20673287
EID_20132,0.32876652
EID_3363,0.17974585
EID_15253,0.19731826
EID_8368,0.17337394
EID_3883,0.24529555
EID_7323,0.21543726
EID_16203,0.28439906
EID_9080,0.16426572
EID_12266,0.23433155
EID_13777,0.024638206
EID_24876,0.15698302
EID_11961,0.27178168
EID_25871,0.16128144
EID_3563,0.27268627
EID_3377,0.09659502
EID_19924,0.14113724
EID_4070,0.14502132
EID_7727,0.16912284
EID_2253,0.17581397
EID_5056,0.24233994
EID_16751,0.24241227
EID_2105,0.19968575
EID_14078,0.14668018
EID_18779,0.12607738
EID_2218,0.18840888
EID_6130,0.15254706
EID_21722,0.1022113
EID_17748,0.11140925
EID_21322,0.20778823
EID_6016,0.06698716
EID_20480,0.27148816
EID_18843,0.1954678
EID_7336,0.26709163
EID_4455,0.15310138
EID_15206,0.15407047
EID_15582,0.31936494
EID_22381,0.084567785
EID_22606,0.23291013
EID_12159,0.12305102
EID_10027,0.19414794
EID_4107,0.18331093
EID_18932,0.18138707
EID_1321,0.14687872
EID_7759,0.17683217
EID_21961,0.21326837
EID_15289,0.30448043
EID_23069,0.19043782
EID_17187,0.24043569
EID_25372,0.12858582
EID_9787,0.31491184
EID_9797,0.068079114
EID_10831,0.19046208
EID_24620,0.23613217
EID_8715,0.3614126
EID_13459,0.1925222
EID_14031,0.23282787
EID_14541,0.24728379
EID_12395,0.13728073
EID_7150,0.2002514
EID_14422,0.31572706
EID_19060,0.22792417
EID_9338,0.17642045
EID_21042,0.08173874
EID_8011,0.16615021
EID_8102,0.32144287
EID_11068,0.18681604
EID_15461,0.095119566
EID_18509,0.2352553
EID_5796,0.21211588
EID_19905,0.12352833
EID_21609,0.10584733
EID_14873,0.27132937
EID_8033,0.19992673
EID_21354,0.26311168
EID_16377,0.17978859
EID_10566,0.2522154
EID_4791,0.19174588
EID_20944,0.21611533
EID_24913,0.13470617
EID_3868,0.206281
EID_10611,0.069239914
EID_21702,0.20799789
EID_9472,0.13774407
EID_10746,0.21894261
EID_17717,0.36843824
EID_18535,0.2093389
EID_23706,0.10321036
EID_7039,0.22069636
EID_23797,0.3022812
EID_1574,0.12288365
EID_5931,0.14116743
EID_6468,0.17267942
EID_15805,0.16490772
EID_2988,0.27652165
EID_21966,0.17242011
EID_16571,0.12771797
EID_10082,0.116577506
EID_8359,0.1487343
EID_3200,0.2840032
EID_2206,0.19971043
EID_14234,0.16503593
EID_12498,0.18522525
EID_12009,0.25088426
EID_12486,0.19317913
EID_2679,0.09757343
EID_25329,0.11242592
EID_18268,0.17026621
EID_18253,0.19860071
EID_11915,0.24597147
EID_2503,0.33438396
EID_22110,0.08302203
EID_9344,0.2430959
EID_17568,0.1586959
EID_1445,0.057585984
EID_12971,0.18133539
EID_14129,0.19226375
EID_22888,0.1620658
EID_17510,0.1255343
EID_11722,0.112442136
EID_18542,0.20956653
EID_13158,0.28601056
EID_2810,0.13464433
EID_16559,0.12610829
EID_1124,0.37602675
EID_2137,0.19671449
EID_13145,0.084726065
EID_14181,0.19508201
EID_24695,0.114507586
EID_21367,0.13237014
EID_13213,0.17722064
EID_15852,0.19119659
EID_9531,0.1956271
EID_6197,0.06512493
EID_20012,0.17259839
EID_10381,0.36094797
EID_9136,0.12492001
EID_12063,0.25180233
EID_22318,0.18599805
EID_24047,0.17491895
EID_5834,0.1754162
EID_4763,0.12955081
EID_24096,0.2384443
EID_13825,0.17448285
EID_14326,0.10654506
EID_10111,0.082029015
EID_23362,0.17899334
EID_8682,0.110738575
EID_18727,0.08931938
EID_20725,0.20659295
EID_15976,-0.08008134
EID_17626,0.16419423
EID_13302,0.03110063
EID_11333,0.16719675
EID_12305,0.18727505
EID_4987,0.08238551
EID_12132,0.18826163
EID_14163,0.34757304
EID_15666,0.2872138
EID_19257,0.1352644
EID_1591,0.25649977
EID_5610,0.17567825
EID_4835,0.20686978
EID_5060,0.2215198
EID_15897,0.120229244
EID_9771,0.23902705
EID_11486,0.12195176
EID_14583,0.16399315
EID_17832,0.1900548
EID_6876,0.1693182
EID_18560,0.24533746
EID_1091,0.16472638
EID_3837,0.25088775
EID_8508,0.08522543
EID_23640,0.16639602
EID_13280,0.23075408
EID_3352,0.26080853
EID_13404,0.27328974
EID_23565,0.28777397
EID_24526,0.20708221
EID_9254,0.21577135
EID_8916,0.10958582
EID_15227,0.08153167
EID_11672,0.17915738
EID_8926,0.16135511
EID_25125,0.23365119
EID_3170,0.12756547
EID_24612,0.1460411
EID_23932,0.35696518
EID_11554,0.20372513
EID_19854,0.23120815
EID_16362,0.23193058
EID_13195,0.115357935
EID_25559,0.28405786
EID_18526,0.30850056
EID_23226,0.32106698
EID_5873,0.30522007
EID_11286,0.14420408
EID_7573,0.02470386
EID_11669,0.19448188
EID_12639,0.15579328
EID_12309,0.23823637
EID_17566,0.21890652
EID_3644,0.16494715
EID_9921,0.1961632
EID_14703,0.12058896
EID_19366,0.14307705
EID_12449,0.22453776
EID_24591,0.063789934
EID_4698,0.18209225
EID_17657,0.22094679
EID_24446,0.26875332
EID_18528,0.15813336
EID_8868,0.124988586
EID_5820,0.084777445
EID_24215,0.25618148
EID_19176,0.31580377
EID_6578,0.14081925
EID_9672,0.11501151
EID_10702,0.22009876
EID_4741,0.31182432
EID_24067,0.22722536
EID_2416,0.12423891
EID_12089,0.21793398
EID_8392,0.13569692
EID_16766,0.2781294
EID_23137,0.16252324
EID_24704,0.24241847
EID_13184,0.2069825
EID_21642,0.0073697567
EID_8050,0.2331419
EID_20432,0.12751392
EID_14456,0.23757365
EID_7769,0.16395226
EID_14077,0.4582576
EID_17805,0.15115935
EID_14927,0.24719948
EID_7995,0.3941103
EID_2297,0.1623036
EID_7960,0.24368763
EID_9481,0.03805709
EID_2781,0.26214164
EID_25571,0.102541685
EID_12462,0.18302426
EID_17761,0.22273415
EID_22310,0.13757774
EID_15161,0.18467501
EID_3361,0.10273212
EID_2166,0.27572006
EID_1515,0.44109026
EID_13787,0.07370147
EID_23496,0.12286478
EID_7820,0.25136453
EID_14433,0.117925495
EID_9405,0.1974197
EID_4195,0.26624268
EID_24190,0.025224358
EID_20400,0.12188396
EID_16111,0.10319403
EID_5502,0.250162
EID_17381,0.20479521
EID_22435,0.09485096
EID_3060,0.116353184
EID_19197,0.24484155
EID_13311,0.33785522
EID_14282,0.19674933
EID_5849,0.16209584
EID_19845,0.13796583
EID_6965,0.15975738
EID_5048,0.2795484
EID_13766,0.15620214
EID_22269,0.14657435
EID_4363,0.12963036
EID_12215,0.19381428
EID_14479,0.0841783
EID_7348,0.21842173
EID_25664,0.24557555
EID_4940,0.19923836
EID_6877,0.06391704
EID_8337,0.08473605
EID_1775,0.18564633
EID_13938,0.10595715
EID_12735,0.09443143
EID_16138,0.17701557
EID_18586,0.23258519
EID_16650,0.11607471
EID_18259,0.17590061
EID_19144,0.09224999
EID_4483,0.18583637
EID_10929,0.1484595
EID_19882,0.21146053
EID_3779,0.47639897
EID_18678,0.10889679
EID_7168,0.15198177
EID_23279,0.24825972
EID_17008,0.24865785
EID_2795,0.33250943
EID_1833,0.11724889
EID_21026,0.083960176
EID_20322,0.26514134
EID_10026,0.19844449
EID_7742,0.1789371
EID_21792,0.21945325
EID_14341,0.13806745
EID_24634,0.160447
EID_3379,0.18577412
EID_20627,0.29965115
EID_8572,0.13334996
EID_15104,0.081115484
EID_12426,0.15513074
EID_17588,0.39888
EID_20961,0.1632871
EID_23260,0.3318547
EID_7213,0.122392595
EID_11851,0.09527257
EID_5696,0.2767341
EID_23011,0.12928092
EID_2035,0.20269936
EID_22461,0.3000903
EID_23215,0.17827472
EID_6913,0.07565126
EID_5739,0.13453254
EID_19814,0.18965161
EID_20320,0.27935436
EID_2043,0.04096034
EID_21992,0.15255302
EID_9324,0.18378392
EID_3863,0.15328139
EID_7513,0.18830153
EID_11120,0.2862877
EID_6548,0.20313999
EID_23957,0.15835613
EID_11408,0.17964935
EID_24638,0.17712563
EID_3908,0.15097994
EID_17023,0.24889469
EID_10902,0.169411
EID_3543,0.17744863
EID_3633,0.08089307
EID_3394,0.17883918
EID_8619,0.2518562
EID_13424,0.25020295
EID_15405,0.20366225
EID_21727,0.22662422
EID_18916,0.17000288
EID_3335,0.18136474
EID_2811,0.23449874
EID_8620,0.21005413
EID_3249,0.16503549
EID_22140,0.20841125
EID_18934,0.34097767
EID_24271,0.24939337
EID_2164,0.15741894
EID_22961,0.074481964
EID_25318,0.2063905
EID_23064,0.2566505
EID_1056,0.15096408
EID_4389,0.038618
EID_6949,0.23553339
EID_16133,0.118242115
EID_8023,0.12033242
EID_19426,0.18171999
EID_12895,0.16956595
EID_17667,0.2086888
EID_14826,0.32326752
EID_8807,0.03718117
EID_13977,0.218209
EID_11167,0.2834107
EID_22535,0.2222771
EID_5357,0.064455986
EID_1450,0.3876845
EID_24647,0.20211804
EID_1516,0.3326041
EID_10122,0.121616274
EID_2423,0.22901416
EID_4276,0.09871039
EID_10610,0.23945951
EID_5840,0.18612
EID_19117,0.20008951
EID_1753,0.26277763
EID_11679,0.11506966
EID_12425,0.16309753
EID_21118,0.14422509
EID_1348,0.21892533
EID_3143,0.2530778
EID_12153,0.3724141
EID_22834,0.19903365
EID_14978,0.20240581
EID_23361,0.118166596
EID_5207,0.22263482
EID_8395,0.23288873
EID_2440,0.122766376
EID_14196,0.18464467
EID_16684,0.34214157
EID_22520,0.13089854
EID_14689,0.21622327
EID_22890,0.16350836
EID_18695,0.3079688
EID_1275,0.07988563
EID_6033,0.15767834
EID_25616,0.22713867
EID_6190,0.20764497
EID_2964,0.26724893
EID_24869,0.21755734
EID_3319,0.127617
EID_15857,0.2764329
EID_4615,0.21701741
EID_23926,0.16792914
EID_15506,0.13643202
EID_4168,0.24437848
EID_23593,0.4754356
EID_3108,0.2324059
EID_22846,0.3560763
EID_12618,0.23406965
EID_20341,0.20605662
EID_15441,0.3207729
EID_20278,0.18616605
EID_19511,0.13840744
EID_7832,0.1430155
EID_7775,0.16608536
EID_9409,0.1735591
EID_11483,0.27652675
EID_6657,0.18387434
EID_10338,0.28450537
EID_7683,0.1773864
EID_11854,0.24073544
EID_17102,0.15826362
EID_9882,0.21965426
EID_19326,0.6332708
EID_1670,0.14298826
EID_17455,0.17105922
EID_24867,0.08605534
EID_22972,0.25912324
EID_4679,0.051258087
EID_7172,0.2378149
EID_7401,0.16671163
EID_13199,0.29835057
EID_12244,0.22053981
EID_12771,0.11235869
EID_7230,0.28888443
EID_19736,0.1603606
EID_2755,0.076043725
EID_19126,0.3050663
EID_20949,0.20243767
EID_4573,0.083889306
EID_23671,0.16439095
EID_11580,0.15133336
EID_15600,0.14531025
EID_17577,0.21582344
EID_6773,0.21934897
EID_9565,0.14155594
EID_13401,0.2242001
EID_17438,0.22653446
EID_7604,0.13138655
EID_1215,0.26760745
EID_24765,0.347506
EID_2084,0.22944951
EID_17898,0.43809563
EID_9752,0.304906
EID_19867,0.43167096
EID_5430,0.06652063
EID_22617,0.19804475
EID_23590,0.3314423
EID_11131,0.14743567
EID_1623,0.07015675
EID_25390,0.23919716
EID_23316,0.1862852
EID_11595,0.15572858
EID_10827,0.094851404
EID_14787,0.22933051
EID_18290,0.22369659
EID_17889,0.19696671
EID_7936,0.15108529
EID_12044,0.0969179
EID_8205,0.17741325
EID_22950,0.23071358
EID_4965,0.19090295
EID_24073,0.22720778
EID_4946,0.25813195
EID_14618,0.22523546
EID_17692,0.17868325
EID_23220,0.17063063
EID_24364,0.09265807
EID_20216,0.081695944
EID_24865,0.27658862
EID_11009,0.2311222
EID_6889,0.087267876
EID_10375,0.55427605
EID_11917,0.22324383
EID_25323,0.19250089
EID_21841,0.19709072
EID_25278,0.2942241
EID_17857,0.15057525
EID_2991,0.30590886
EID_23822,0.14459133
EID_12098,0.032530934
EID_14665,0.1960763
EID_25373,0.17525107
EID_22143,0.17013466
EID_4000,0.17924511
EID_2951,0.09835109
EID_8610,0.1802606
EID_6998,0.15698546
EID_21972,0.32857338
EID_3582,0.17985144
EID_18220,0.24815595
EID_12381,0.16748038
EID_15689,0.29207367
EID_12239,0.25885248
EID_3987,0.21643233
EID_20164,0.22168154
EID_1654,0.18389055
EID_25583,0.1383057
EID_22736,0.30538493
EID_22169,0.31043047
EID_9495,0.2674079
EID_2465,0.56433994
EID_1659,0.05774066
EID_4509,0.34186113
EID_15264,0.057228625
EID_9494,0.49150142
EID_23657,0.16812947
EID_10376,0.14871424
EID_25277,0.38432693
EID_15121,0.17133656
EID_14760,0.24587259
EID_9160,0.20091411
EID_18574,0.2024152
EID_2977,0.119416445
EID_4745,0.23133478
EID_6762,0.24580887
EID_2682,0.13869935
EID_19172,0.34093052
EID_1013,0.088566095
EID_1242,0.35614192
EID_10336,0.21476567
EID_11247,0.16077054
EID_4631,0.30798423
EID_21660,0.120019495
EID_6752,0.092965454
EID_14409,0.16706482
EID_21720,0.40841925
EID_14495,0.20126432
EID_15348,0.27768955
EID_9610,0.11276114
EID_10629,0.30897877
EID_10182,0.24955013
EID_10598,0.39971334
EID_11065,0.45851845
EID_16129,0.4757304
EID_15572,0.3382534
EID_21059,0.19995406
EID_7812,0.121111065
EID_15162,0.2497297
EID_6911,0.024646014
EID_17591,0.3376624
EID_22638,0.07049593
EID_3217,0.11158627
EID_10116,0.1359703
EID_23199,0.11154413
EID_18844,0.41052294
EID_19931,0.3607911
EID_22215,0.044369638
EID_14623,0.20975229
EID_7884,0.16914752
EID_3197,0.35679764
EID_11291,0.21276489
EID_3320,0.269944
EID_12585,0.22682634
EID_13592,0.20580286
EID_11264,0.14717859
EID_6997,0.03938335
EID_2327,0.26523232
EID_9340,0.2432729
EID_14544,0.18727607
EID_13055,0.18312824
EID_14014,0.19939503
EID_7429,0.22536504
EID_19008,0.18835601
EID_14283,0.3045885
EID_10882,0.20447788
EID_5194,0.14548364
EID_23844,0.23963466
EID_22628,0.14088213
EID_10033,0.46806455
EID_13281,0.33442092
EID_23871,0.26068586
EID_3621,0.14928895
EID_12968,0.14029795
EID_5819,0.17574036
EID_6694,0.20172527
EID_17656,0.21057847
EID_8888,0.11851826
EID_14552,0.13443822
EID_15342,0.44611275
EID_7728,0.06107852
EID_10331,0.20952627
EID_5479,0.21124744
EID_25526,0.23452598
EID_12348,0.10160193
EID_6196,0.18338248
EID_3619,0.2411946
EID_11280,0.1894809
EID_18119,0.15563545
EID_18058,0.21045384
EID_20911,0.34788013
EID_19840,0.17806911
EID_11808,0.28143775
EID_16265,0.16320074
EID_25976,0.073546916
EID_3872,0.20103157
EID_23029,0.18823722
EID_11745,0.11291942
EID_9556,0.4631472
EID_19748,0.30949038
EID_23253,0.23625919
EID_16237,0.16857255
EID_11694,0.2626246
EID_12824,0.123447806
EID_12797,0.1614244
EID_3524,0.21126416
EID_10559,0.24538672
EID_22844,0.23335299
EID_22281,0.2085568
EID_9535,0.29071552
EID_1642,0.1706815
EID_17630,0.1557546
EID_15083,0.15359297
EID_2690,0.16385847
EID_12199,0.16653505
EID_3449,0.09544477
EID_12097,0.2096895
EID_23272,0.20274991
EID_6890,0.21468952
EID_2438,0.25528848
EID_6508,0.26966995
EID_10772,0.12934366
EID_6076,0.22486839
EID_3045,0.19552854
EID_24779,0.06164366
EID_12553,0.13540435
EID_24984,0.1931687
EID_17157,0.16898316
EID_11823,0.14914024
EID_4765,0.14034808
EID_16143,0.13018966
EID_19658,0.35295755
EID_12035,0.12726948
EID_3481,0.12871
EID_12776,0.21188119
EID_21160,0.18244016
EID_11127,0.19938067
EID_11784,0.121843785
EID_17458,0.030874878
EID_15653,0.35215676
EID_25399,0.19974667
EID_8799,0.298178
EID_14529,0.3154682
EID_19407,0.3528107
EID_8224,0.34871477
EID_21582,0.17198
EID_14807,0.42794317
EID_17338,0.20050153
EID_10635,0.25018156
EID_16300,0.08750552
EID_5155,0.14614493
EID_11136,0.087078184
EID_7716,0.10836959
EID_13041,0.20324197
EID_1572,0.1424276
EID_2382,0.0036489666
EID_4568,0.24513653
EID_25153,0.20291394
EID_20523,0.07720685
EID_2332,0.2084626
EID_6143,0.1864813
EID_19549,0.23306519
EID_24568,0.08775529
EID_23211,0.19291171
EID_2342,0.30608034
EID_2922,0.0827589
EID_6026,0.011343926
EID_10107,0.17414415
EID_14855,0.38657856
EID_18780,0.16231635
EID_10578,0.26933405
EID_3842,0.3658499
EID_10225,0.09062514
EID_15275,0.11954433
EID_10740,0.04411441
EID_9483,0.3047862
EID_11262,0.17218435
EID_24388,0.18366888
EID_19271,0.26054877
EID_15363,0.30044204
EID_16555,0.3541183
EID_7387,0.16596335
EID_2692,0.35811663
EID_19754,0.3861501
EID_10859,0.15122023
EID_16618,0.14337921
EID_1697,0.1247468
EID_3764,0.33519146
EID_4502,0.23102143
EID_19240,0.24685454
EID_22590,0.29021257
EID_14056,0.22500384
EID_20697,0.28587642
EID_2505,0.28269017
EID_23288,0.2680728
EID_23373,0.22759208
EID_18878,0.08136499
EID_11857,0.058139652
EID_25945,0.33762467
EID_18242,0.58421105
EID_22823,0.2535535
EID_5625,0.16893068
EID_6702,0.22964376
EID_24252,0.07947385
EID_12704,0.2409761
EID_1770,0.113289505
EID_10159,0.13718742
EID_3702,0.32458565
EID_2688,0.20060602
EID_19784,0.26046804
EID_3636,0.1790289
EID_14537,0.21007049
EID_4878,0.19826832
EID_10260,0.22094688
EID_5154,0.14501739
EID_21206,0.2179223
EID_15511,0.20932552
EID_8010,0.14073488
EID_6249,0.15203047
EID_7392,0.11010018
EID_18362,0.20113578
EID_14147,0.17886528
EID_24826,0.0986855
EID_10862,0.18519914
EID_3088,0.13971788
EID_2871,0.16004395
EID_22681,0.28506595
EID_3720,0.22784457
EID_21540,0.2426247
EID_3516,0.10882649
EID_10969,0.09858757
EID_11396,0.1713295
EID_11407,0.24953115
EID_19264,0.1781224
EID_12406,0.12758642
EID_19440,0.14302954
EID_22729,0.08644837
EID_21143,0.07563749
EID_19936,0.26911664
EID_13997,0.11106008
EID_15533,0.20578462
EID_22065,0.06518692
EID_6600,0.25502378
EID_15316,0.2227143
EID_10721,0.113532156
EID_20630,0.1425918
EID_17720,0.2497769
EID_7692,0.12654811
EID_25004,0.13674945
EID_1804,0.117681324
EID_25207,0.2480686
EID_7638,0.23026437
EID_8179,0.19263852
EID_23406,0.13270545
EID_19285,0.07244441
EID_15333,0.23954985
EID_9685,0.02712828
EID_15725,0.24923256
EID_8302,0.18057
EID_10726,0.24126613
EID_6168,0.20036227
EID_16711,0.25127515
EID_24881,0.20519316
EID_15281,0.16980302
EID_17428,0.099054545
EID_2814,0.23034313
EID_8717,0.18738556
EID_4395,0.21626362
EID_22871,0.18257862
EID_22152,0.14103338
EID_23649,0.11766288
EID_24748,0.1613459
EID_25426,0.07231274
EID_13986,0.11170432
EID_19704,0.16887403
EID_15554,0.35745028
EID_23100,0.11383641
EID_25408,0.08560529
EID_15870,0.22454876
EID_4048,0.3815129
EID_12712,0.18355218
EID_1937,0.19019386
EID_14246,0.091612995
EID_2569,0.113028735
EID_6228,0.11963135
EID_21309,0.16537762
EID_16971,0.15207055
EID_25273,0.16049987
EID_8968,0.19124147
EID_21475,0.14155245
EID_1982,0.13367113
EID_23627,0.21293738
EID_14209,0.081332326
EID_22365,0.35622185
EID_21031,0.09647915
EID_16883,0.2747488
EID_15734,0.17838916
EID_20840,0.11814746
EID_20792,0.13246816
EID_2652,0.14488932
EID_3079,0.25806612
EID_1425,0.23914722
EID_17271,0.16658625
EID_22724,0.42413342
EID_23964,0.24288633
EID_9333,0.214845
EID_12374,0.38772437
EID_25107,0.3382584
EID_22869,0.26312155
EID_18753,0.19734004
EID_16805,0.2963512
EID_19994,0.30524558
EID_3004,0.16079563
EID_12616,0.14739427
EID_6090,0.16273019
EID_3303,0.21311241
EID_9435,0.23302627
EID_1838,0.11154166
EID_15681,0.29059595
EID_17496,0.6340704
EID_8456,0.15417364
EID_23174,0.15419278
EID_8285,0.16687658
EID_6547,0.15328404
EID_23648,0.23814732
EID_7958,0.12098381
EID_19299,0.19941017
EID_8699,0.25272363
EID_14528,0.12942618
EID_23167,0.16841513
EID_25289,0.19840622
EID_12802,0.28402868
EID_15986,0.21830189
EID_3609,0.14511654
EID_2045,0.06277278
EID_1788,0.18997061
EID_22630,0.19133064
EID_10542,0.23469731
EID_13101,0.13776794
EID_5159,0.21024114
EID_18490,0.18602565
EID_25693,0.12866262
EID_20514,0.05241859
EID_3713,0.014746577
EID_11193,0.23826045
EID_6052,0.18127537
EID_6986,0.12857082
EID_9104,0.21563491
EID_23058,0.31805304
EID_3156,0.17238644
EID_17660,0.07402152
EID_17514,0.19684663
EID_15370,0.20900908
EID_12207,0.13539231
EID_7351,0.07763532
EID_24727,0.17084831
EID_6356,0.17789772
EID_15421,0.17414552
EID_11772,0.30192682
EID_14071,0.1511808
EID_16359,0.18338248
EID_16919,0.26534566
EID_21496,0.1313164
EID_10564,0.09092513
EID_3773,0.32482833
EID_9484,0.26242483
EID_13601,0.14600024
EID_13843,0.19681928
EID_8774,0.10877141
EID_7542,0.2442042
EID_3388,0.25726354
EID_17949,0.16881654
EID_1815,0.2117343
EID_10479,0.20655814
EID_10722,0.17970124
EID_3427,0.1910766
EID_18205,0.17712358
EID_21650,0.27027836
EID_23124,0.29376376
EID_4294,0.31272414
EID_13366,0.12539908
EID_13957,0.21299934
EID_3578,0.2272163
EID_24105,0.17672348
EID_13186,0.11533964
EID_24214,0.07115328
EID_17251,0.19071165
EID_23225,0.15780109
EID_2152,0.1548363
EID_10625,0.2696222
EID_2044,0.2537107
EID_7201,0.16594872
EID_2405,0.23149452
EID_22716,0.15748248
EID_22728,0.2609307
EID_21251,0.30994228
EID_6915,0.25547287
EID_14744,0.16324568
EID_15814,0.16668004
EID_6659,0.4612682
EID_10991,0.2414779
EID_6500,0.21060574
EID_19121,0.24894106
EID_6278,0.2304286
EID_13236,0.13727814
EID_5382,0.22747913
EID_6871,0.17206922
EID_5012,0.22582558
EID_1268,0.3338549
EID_6588,0.161675
EID_22163,0.20029667
EID_11121,0.20742038
EID_22615,0.17102289
EID_7838,0.27006334
EID_3344,0.15055668
EID_25292,0.13530359
EID_10730,0.24634257
EID_10317,0.18917406
EID_13443,0.21645513
EID_10988,0.1381051
EID_23091,0.39381766
EID_1839,0.079049736
EID_13892,0.1250709
EID_1496,0.16090113
EID_15045,0.17734346
EID_3744,0.18222696
EID_13010,0.1350464
EID_9716,0.18688935
EID_2993,0.2855345
EID_23435,0.16377181
EID_8587,0.263615
EID_22132,0.14017576
EID_21413,0.10369861
EID_11881,0.32119182
EID_19850,0.34716496
EID_18460,0.18925193
EID_17983,0.1949184
EID_14888,0.14364672
EID_14002,0.075933754
EID_13524,0.124801785
EID_4049,0.09706551
EID_6535,0.21701255
EID_10557,0.14719504
EID_1313,0.09693572
EID_12424,0.13916403
EID_8210,0.27403623
EID_22378,0.21658474
EID_19644,0.1529276
EID_8790,0.2858671
EID_5778,0.18501574
EID_23887,-0.01323539
EID_16103,0.22380865
EID_20604,0.2113814
EID_17378,0.25408208
EID_5566,0.11624166
EID_24264,-0.0060233474
EID_7814,0.7236204
EID_1968,0.09789702
EID_10282,0.17942056
EID_13648,0.14530924
EID_22376,0.10658452
EID_3690,0.21765849
EID_17871,0.2747445
EID_19167,0.18354201
EID_5366,0.194592
EID_16996,0.28914192
EID_1953,0.26545414
EID_8760,0.13967091
EID_20448,0.26711786
EID_15787,0.1635384
EID_18982,0.21118852
EID_4388,0.3411907
EID_22325,0.1181725
EID_10189,0.10118115
EID_21162,0.16958532
EID_1032,0.34090245
EID_12045,0.22149417
EID_18324,0.246735
EID_15085,0.34730107
EID_21927,0.06300509
EID_13325,0.15748882
EID_17801,0.32527548
EID_7678,0.09361759
EID_17469,0.12236959
EID_14318,0.06522226
EID_16439,0.30348706
EID_2307,0.11621174
EID_20011,0.1684674
EID_19381,0.08095199
EID_14043,0.15924793
EID_14774,0.20104739
EID_22982,0.18712875
EID_19092,0.08545193
EID_13137,0.43365157
EID_5738,0.32117975
EID_19661,0.07217687
EID_22570,0.31221178
EID_16393,0.1932512
EID_4256,0.13798124
EID_17873,0.15900236
EID_13832,0.15019858
EID_17617,0.23530623
EID_3106,0.28288195
EID_6567,0.2653371
EID_4727,0.19802824
EID_14518,0.42621517
EID_1070,0.1208376
EID_19385,0.18183163
EID_20032,0.121530294
EID_11714,0.116738975
EID_23636,0.14290377
EID_1985,0.18965763
EID_5627,0.0824455
EID_15171,0.11948264
EID_8811,0.27672082
EID_2163,0.24890059
EID_8459,0.027925044
EID_18138,0.18237266
EID_17518,0.25407106
EID_17432,0.22532693
EID_25686,0.12796745
EID_2470,0.17204261
EID_16311,0.28901207
EID_6903,0.43819177
EID_11990,0.12484968
EID_23460,0.15343106
EID_25924,0.35510606
EID_13985,0.14218995
EID_5455,0.20592093
EID_13427,0.19077781
EID_24855,0.22364998
EID_15532,0.28063303
EID_8953,0.12682083
EID_22683,0.20474386
EID_22493,0.15505326
EID_1451,0.14752811
EID_20796,0.18884048
EID_17281,0.14924848
EID_7767,0.31339067
EID_20838,0.155079
EID_17235,0.17557862
EID_21615,0.21992373
EID_6972,0.16741124
EID_13930,0.09711614
EID_4188,0.2876516
EID_11277,0.08092141
EID_18053,0.17837644
EID_11288,0.20418602
EID_1148,0.30795088
EID_19216,0.3660299
EID_7660,0.16841799
EID_22805,0.20311007
EID_11931,0.19090614
EID_16921,0.13047224
EID_4993,0.2339561
EID_18070,0.14834991
EID_15648,0.4495493
EID_11404,0.24088359
EID_14248,0.24538663
EID_15424,0.22863114
EID_8039,0.24328071
EID_7094,0.08910516
EID_13161,0.10215515
EID_9293,0.13668972
EID_4351,0.2462075
EID_17259,0.27390388
EID_2681,0.14740124
EID_22123,0.105308115
EID_8528,0.06413999
EID_11798,0.17608157
EID_20265,0.3301592
EID_21396,0.09369218
EID_12220,0.19431171
EID_25722,0.32922348
EID_21719,0.115089566
EID_3506,0.15866762
EID_2139,0.116927266
EID_6562,0.16102663
EID_4353,0.13068298
EID_24392,0.21412021
EID_11238,0.199675
EID_20617,0.17585877
EID_21473,0.21955508
EID_16837,0.3619443
EID_1800,0.17430058
EID_25849,0.18139312
EID_9395,0.26638412
EID_2415,0.1201275
EID_9286,0.21185496
EID_5081,0.18930537
EID_22546,0.1411047
EID_11932,0.19644675
EID_16292,0.1325978
EID_17882,0.10817954
EID_20889,0.3251104
EID_10031,0.08986524
EID_21576,0.16390932
EID_8256,-0.035925925
EID_2614,0.109479606
EID_2098,0.061387837
EID_10242,0.23992121
EID_21993,0.07471141
EID_22664,0.18834719
EID_1919,0.21980283
EID_11629,0.068546295
EID_6840,0.27040833
EID_25493,0.2607333
EID_14968,0.13033816
EID_25313,0.057730228
EID_8035,0.16461757
EID_8969,0.2285068
EID_15223,0.19920442
EID_6266,0.24097002
EID_8184,0.1824565
EID_19480,0.20435816
EID_19076,0.2993148
EID_16339,0.28915644
EID_7963,0.23990512
EID_17427,0.16284299
EID_12641,0.26057702
EID_4122,0.20114347
EID_23659,0.22641349
EID_13486,0.09467459
EID_18423,0.30905658
EID_2181,0.35027325
EID_25490,0.102816254
EID_9211,0.15052715
EID_5237,0.21012807
EID_2418,0.07155809
EID_17716,0.1241833
EID_13837,0.16489545
EID_2840,0.061748236
EID_13004,0.29076582
EID_14429,0.22236094
EID_18915,0.3041532
EID_22415,0.086883724
EID_4304,0.13326797
EID_10753,0.05550462
EID_22612,0.23238295
EID_1857,0.282983
EID_3566,0.2183401
EID_8545,0.29346985
EID_21685,0.2856057
EID_9946,0.14674088
EID_20447,0.20293647
EID_3887,0.25868616
EID_8351,0.19626775
EID_23889,0.41136196
EID_8248,0.18254843
EID_16621,0.32675022
EID_25138,0.15569961
EID_10004,0.21609384
EID_5522,0.32128918
EID_23416,0.12698182
EID_14897,0.25031877
EID_10840,0.019971997
EID_21716,0.25144196
EID_18484,0.15320951
EID_7402,0.15242183
EID_24854,0.13777131
EID_1610,0.21206513
EID_17592,0.049986392
EID_22128,0.15466204
EID_17304,0.24134624
EID_1508,0.21321717
EID_20492,0.13693708
EID_2324,0.29379722
EID_17093,0.17341894
EID_23356,0.20446283
EID_17895,0.22897622
EID_8186,0.2318607
EID_19358,0.3057956
EID_6030,0.18441254
EID_17457,0.07296252
EID_14976,0.26657182
EID_8914,0.14565969
EID_5721,0.29047927
EID_11266,0.22720718
EID_17012,0.23946527
EID_7554,0.20690715
EID_3087,0.14608425
EID_19716,0.19792798
EID_21723,0.22328901
EID_13072,0.37315595
EID_9776,0.16085553
EID_25927,0.33217037
EID_5593,0.0795061
EID_13954,0.20865488
EID_16034,0.34432933
EID_1719,0.19989094
EID_23054,0.21533477
EID_15591,0.18092972
EID_5178,0.12267369
EID_24346,0.32957006
EID_21264,0.19894975
EID_3292,0.08013755
EID_14975,0.27686584
EID_9165,0.14862508
EID_23369,0.24640226
EID_18767,0.22263792
EID_10153,0.15396538
EID_2542,0.116692185
EID_23826,0.22174105
EID_20391,0.21053466
EID_8633,0.191315
EID_5875,0.2440106
EID_12699,0.19358522
EID_12982,0.22406748
EID_16392,0.07686895
EID_8185,0.20904216
EID_15462,0.15969968
EID_4853,0.23326516
EID_17622,0.20457011
EID_23074,0.28142422
EID_6390,0.25484675
EID_24539,0.21969321
EID_12963,0.074110776
EID_8649,0.15689495
EID_11810,0.19966215
EID_3598,0.29317528
EID_13511,0.30620152
EID_16014,0.17390853
EID_24791,0.19033793
EID_3417,0.24052083
EID_24668,0.25941837
EID_4508,0.25919646
EID_25150,0.396967
EID_25934,0.13707161
EID_6308,0.33054617
EID_10508,0.23204577
EID_18724,0.2619474
EID_10536,0.13385761
EID_18738,0.05876261
EID_15949,0.17469734
EID_20722,0.19932088
EID_14963,0.107485145
EID_6682,0.14366734
EID_8365,0.15726429
EID_17999,0.2656182
EID_24499,0.18677539
EID_20389,0.16475013
EID_12123,0.19852051
EID_19203,0.18615004
EID_3538,0.23753107
EID_19811,0.2293657
EID_11473,0.17501268
EID_3032,0.25460112
EID_8419,0.101557195
EID_9052,0.31716514
EID_15837,0.18051198
EID_6644,0.23081821
EID_16894,0.09579942
EID_10552,0.09708509
EID_14750,0.31491867
EID_16659,0.19750306
EID_4472,0.2439417
EID_4076,0.21351567
EID_5163,0.115342855
EID_25923,0.1717689
EID_24806,0.2208646
EID_3742,0.20470321
EID_19722,0.15773457
EID_18033,0.22395933
EID_16718,0.16602737
EID_13182,0.27530488
EID_23021,0.1581204
EID_20329,0.09223279
EID_8770,0.121851236
EID_11234,0.16232839
EID_18881,0.13100854
EID_1365,0.2314032
EID_19318,0.20020714
EID_19343,0.1704705
EID_4435,0.16256124
EID_22102,0.32818377
EID_24095,0.14069864
EID_9897,0.18400085
EID_21635,0.21840468
EID_16514,0.2533121
EID_1997,0.17969492
EID_10324,0.30452755
EID_6487,0.29171145
EID_21197,0.24954471
EID_19082,0.26518792
EID_17562,0.15162891
EID_8738,0.19417459
EID_13687,0.14919773
EID_19572,0.13898307
EID_24909,0.08200288
EID_21814,0.15835354
EID_12083,0.27625358
EID_25919,0.17402565
EID_19140,0.19585249
EID_23924,0.16186878
EID_1208,0.30435187
EID_18170,0.22448692
EID_18699,0.35873032
EID_1318,0.197296
EID_14941,0.11723462
EID_6540,0.13055286
EID_20936,0.32937938
EID_9705,0.2268658
EID_24181,0.18121475
EID_22138,0.18047753
EID_23044,0.26864812
EID_9038,0.19403219
EID_3247,0.33035052
EID_19630,0.20500267
EID_8655,0.20427492
EID_10423,0.32320237
EID_3946,0.1756129
EID_16512,0.29051095
EID_12473,0.3308643
EID_11571,0.1588524
EID_14381,0.11625144
EID_12675,0.37758625
EID_1930,0.14638415
EID_20155,0.37552768
EID_22902,0.14950112
EID_24145,0.14423496
EID_5342,0.23535398
EID_8334,0.23068741
EID_25708,0.18933788
EID_19991,0.3350249
EID_5499,0.3603676
EID_5953,0.15209171
EID_7444,0.11675823
EID_6218,0.2776798
EID_12891,0.17224562
EID_16456,0.2629208
EID_20256,0.2700869
EID_9959,0.21812147
EID_8845,0.15913853
EID_1662,0.04917398
EID_8739,0.13334975
EID_20695,0.29224253
EID_19446,0.2677521
EID_12441,0.23032966
EID_13066,0.2434982
EID_8911,0.20684099
EID_22200,0.2417959
EID_9689,0.2158396
EID_1668,0.19644687
EID_8120,0.08381036
EID_22777,0.19492081
EID_19141,0.08691278
EID_22674,0.3205638
EID_16121,0.2334866
EID_14662,0.14175105
EID_23290,0.22778994
EID_20144,0.26046845
EID_23052,0.28243136
EID_25575,0.17911047
EID_23724,0.3222056
EID_14759,0.19154763
EID_25209,0.09150475
EID_17753,0.42284375
EID_4693,0.34075773
EID_17284,0.25909403
EID_9131,0.22519884
EID_24625,0.12242621
EID_24912,0.25568745
EID_19612,0.057411283
EID_9147,0.13297048
EID_6891,0.1978716
EID_10639,0.24932769
EID_5880,0.09678599
EID_22547,0.25535643
EID_10066,0.17867357
EID_7126,0.12582743
EID_4929,0.24049741
EID_24750,0.1622634
