,Employee_ID,Attrition_rate
0,EID_22713,0.24258801
1,EID_9658,0.2538985
2,EID_22203,0.16023067
3,EID_7652,0.18382013
4,EID_6516,0.20338824
5,EID_20283,0.13564822
6,EID_21014,0.22800457
7,EID_7693,0.22371796
8,EID_13232,0.17023236
9,EID_6515,0.24291939
10,EID_13639,0.15410635
11,EID_14669,0.21740386
12,EID_16537,0.23502412
13,EID_5782,0.30767852
14,EID_20157,0.15705034
15,EID_1855,0.19556326
16,EID_20748,0.18222287
17,EID_23179,0.14840588
18,EID_12838,0.19290426
19,EID_21656,0.17521214
20,EID_8844,0.23048976
21,EID_1536,0.23332751
22,EID_8822,0.19609818
23,EID_11398,0.21391186
24,EID_12965,0.1431722
25,EID_5204,0.16814834
26,EID_10030,0.30120564
27,EID_13227,0.17948914
28,EID_20607,0.18584159
29,EID_14070,0.20385441
30,EID_3755,0.23870021
31,EID_5459,0.21422586
32,EID_7697,0.2197892
33,EID_3935,0.14395863
34,EID_19046,0.25416744
35,EID_4040,0.19431779
36,EID_17730,0.16066751
37,EID_4995,0.16770533
38,EID_24653,0.18175921
39,EID_6978,0.16674438
40,EID_13775,0.20767894
41,EID_14608,0.23117217
42,EID_3148,0.21375468
43,EID_24868,0.2407012
44,EID_5521,0.19663385
45,EID_21155,0.16370532
46,EID_3840,0.25545278
47,EID_10646,0.17341927
48,EID_6711,0.16947192
49,EID_16247,0.13299528
50,EID_16789,0.25690734
51,EID_17967,0.14864084
52,EID_13270,0.20370725
53,EID_18462,0.10986698
54,EID_22248,0.2260072
55,EID_22693,0.20758525
56,EID_25662,0.14527309
57,EID_23346,0.15846303
58,EID_4437,0.15264267
59,EID_18108,0.21877927
60,EID_7000,0.14697176
61,EID_22770,0.24113068
62,EID_7816,0.17248642
63,EID_19615,0.15679166
64,EID_23807,0.15328231
65,EID_16764,0.22643971
66,EID_16818,0.16818851
67,EID_22712,0.16483945
68,EID_18198,0.1799913
69,EID_11154,0.21259594
70,EID_22137,0.21985453
71,EID_11655,0.15402347
72,EID_18514,0.21377158
73,EID_24742,0.21304888
74,EID_16019,0.21274766
75,EID_7357,0.21091595
76,EID_20106,0.17721966
77,EID_13284,0.21643957
78,EID_5451,0.18351269
79,EID_19728,0.22611615
80,EID_9178,0.22817194
81,EID_13177,0.14436164
82,EID_14300,0.1539897
83,EID_4379,0.20353079
84,EID_11285,0.21161664
85,EID_14882,0.18341479
86,EID_9969,0.15683383
87,EID_23643,0.13639727
88,EID_5935,0.18432713
89,EID_7741,0.13457099
90,EID_6176,0.1970323
91,EID_5418,0.23434249
92,EID_20626,0.23880342
93,EID_1725,0.20013213
94,EID_14317,0.18609065
95,EID_12120,0.16969311
96,EID_20264,0.17070758
97,EID_16691,0.10331124
98,EID_1093,0.18031856
99,EID_2565,0.12907782
100,EID_11463,0.18555003
101,EID_12005,0.15132418
102,EID_10326,0.20149845
103,EID_12582,0.2020405
104,EID_18228,0.14533377
105,EID_11670,0.2133055
106,EID_24257,0.17131382
107,EID_7024,0.15559101
108,EID_10382,0.21225986
109,EID_20210,0.16950658
110,EID_10294,0.17188373
111,EID_19941,0.28293747
112,EID_25572,0.18567401
113,EID_7758,0.2020807
114,EID_22718,0.24439076
115,EID_1078,0.18370932
116,EID_8227,0.23860496
117,EID_1702,0.24667838
118,EID_3532,0.21466693
119,EID_22452,0.17754298
120,EID_3019,0.17021212
121,EID_22264,0.17503572
122,EID_9866,0.20794097
123,EID_3520,0.24134555
124,EID_21098,0.24613595
125,EID_1186,0.16377756
126,EID_12355,0.2503239
127,EID_11020,0.11724162
128,EID_19193,0.09659621
129,EID_17787,0.18694857
130,EID_13719,0.21823558
131,EID_24449,0.20294306
132,EID_12957,0.228225
133,EID_24794,0.18139383
134,EID_2866,0.24367219
135,EID_10563,0.17389995
136,EID_22492,0.21309981
137,EID_4106,0.21594259
138,EID_6648,0.18501675
139,EID_7209,0.15840662
140,EID_9692,0.16149926
141,EID_22763,0.13092297
142,EID_12622,0.1855757
143,EID_9831,0.16099486
144,EID_5731,0.20658886
145,EID_1114,0.1864557
146,EID_25017,0.20345446
147,EID_22956,0.17993835
148,EID_5549,0.26529422
149,EID_12022,0.24653682
150,EID_8034,0.21797195
151,EID_20644,0.17030844
152,EID_20125,0.16410884
153,EID_21957,0.22923607
154,EID_8870,0.17700574
155,EID_2305,0.23599136
156,EID_3977,0.18838817
157,EID_14845,0.1840609
158,EID_6629,0.17601135
159,EID_14577,0.25285465
160,EID_24509,0.16252261
161,EID_1530,0.14428154
162,EID_21524,0.21848065
163,EID_6647,0.15113866
164,EID_19730,0.23263323
165,EID_4424,0.14832255
166,EID_7964,0.21966854
167,EID_6289,0.16503766
168,EID_2899,0.17873216
169,EID_2827,0.17259672
170,EID_8801,0.170616
171,EID_20454,0.23276198
172,EID_18988,0.20004848
173,EID_8405,0.2236551
174,EID_14497,0.17420751
175,EID_11769,0.23338714
176,EID_21353,0.19892824
177,EID_2221,0.1687417
178,EID_13218,0.18492183
179,EID_4576,0.14844358
180,EID_17470,0.2214418
181,EID_14817,0.18085775
182,EID_21845,0.15027398
183,EID_21987,0.16652033
184,EID_1168,0.20409581
185,EID_14315,0.1972343
186,EID_5043,0.28903508
187,EID_1967,0.21793291
188,EID_22274,0.1607525
189,EID_11091,0.16122174
190,EID_18421,0.19488776
191,EID_8316,0.17383829
192,EID_13308,0.30208135
193,EID_19481,0.18939602
194,EID_17732,0.21111095
195,EID_4504,0.15608168
196,EID_2539,0.1698978
197,EID_19529,0.22244543
198,EID_2279,0.24934027
199,EID_14508,0.21846226
200,EID_12241,0.22831953
201,EID_11530,0.21922687
202,EID_20147,0.16999063
203,EID_6154,0.17423442
204,EID_3523,0.18024221
205,EID_20453,0.21083552
206,EID_11929,0.16225573
207,EID_12840,0.17768127
208,EID_22320,0.16369948
209,EID_25383,0.18384844
210,EID_10731,0.21924964
211,EID_1017,0.24101257
212,EID_1819,0.2507246
213,EID_22849,0.16551623
214,EID_12290,0.16482943
215,EID_24238,0.14021015
216,EID_3105,0.21217749
217,EID_14242,0.17574978
218,EID_16569,0.23569703
219,EID_8094,0.22449282
220,EID_7824,0.18445787
221,EID_8978,0.18922108
222,EID_25314,0.2148971
223,EID_17810,0.16408056
224,EID_14856,0.12312555
225,EID_22144,0.22668257
226,EID_23603,0.14197859
227,EID_7211,0.23484835
228,EID_19340,0.33058038
229,EID_1501,0.14459488
230,EID_22111,0.1843848
231,EID_16147,0.20192465
232,EID_16746,0.1604487
233,EID_20777,0.17997518
234,EID_12999,0.17254221
235,EID_21663,0.17906094
236,EID_11862,0.19175795
237,EID_17683,0.24497771
238,EID_19819,0.14425391
239,EID_21562,0.20334905
240,EID_24390,0.16697606
241,EID_14444,0.17803538
242,EID_3261,0.13654473
243,EID_7752,0.22799525
244,EID_3033,0.17257094
245,EID_22433,0.21218452
246,EID_23727,0.19085118
247,EID_24107,0.1810674
248,EID_22537,0.23270094
249,EID_13645,0.10253134
250,EID_16021,0.18877715
251,EID_19800,0.21158546
252,EID_1944,0.100887686
253,EID_15868,0.20091477
254,EID_22188,0.19000855
255,EID_13833,0.18649179
256,EID_15028,0.2537629
257,EID_24861,0.19907272
258,EID_13033,0.22001222
259,EID_23673,0.18331465
260,EID_13265,0.16677564
261,EID_23411,0.24065012
262,EID_3761,0.19688678
263,EID_7299,0.16400325
264,EID_2379,0.19109419
265,EID_18863,0.18179542
266,EID_12115,0.20921382
267,EID_23879,0.15628192
268,EID_16586,0.18636677
269,EID_19003,0.19929513
270,EID_11107,0.21920583
271,EID_15416,0.19398701
272,EID_19214,0.1971817
273,EID_5135,0.2223973
274,EID_22464,0.19849259
275,EID_22759,0.22376516
276,EID_17833,0.20263475
277,EID_17627,0.23376486
278,EID_25730,0.22576883
279,EID_2377,0.19113407
280,EID_18085,0.11968964
281,EID_14096,0.16856572
282,EID_8384,0.21053082
283,EID_17105,0.28266126
284,EID_9929,0.20179695
285,EID_13267,0.30528167
286,EID_12954,0.16627517
287,EID_4464,0.16018033
288,EID_11464,0.21162951
289,EID_19308,0.10825199
290,EID_17530,0.16950011
291,EID_6981,0.18544021
292,EID_19951,0.16037682
293,EID_1100,0.24272326
294,EID_25145,0.13193032
295,EID_15614,0.19115674
296,EID_2961,0.2261667
297,EID_1742,0.13433287
298,EID_2843,0.20857167
299,EID_9549,0.21996376
300,EID_12832,0.22870779
301,EID_17914,0.2444377
302,EID_22832,0.19052023
303,EID_5755,0.17798963
304,EID_1141,0.18841007
305,EID_18954,0.18258649
306,EID_10824,0.19736683
307,EID_24478,0.15507552
308,EID_14916,0.19025803
309,EID_4434,0.33153385
310,EID_23650,0.14934886
311,EID_16556,0.14013556
312,EID_24656,0.22628066
313,EID_25965,0.1994052
314,EID_9279,0.19624603
315,EID_13802,0.17298445
316,EID_2748,0.17210725
317,EID_17346,0.21106821
318,EID_1171,0.29441494
319,EID_1552,0.19475618
320,EID_20674,0.18603536
321,EID_2475,0.1651009
322,EID_16714,0.17336735
323,EID_7857,0.19839278
324,EID_3294,0.19571838
325,EID_2280,0.12756401
326,EID_10203,0.15514502
327,EID_22162,0.21170473
328,EID_10438,0.21546647
329,EID_12898,0.25125122
330,EID_4358,0.21245933
331,EID_6179,0.19173291
332,EID_2538,0.15951848
333,EID_13110,0.16780409
334,EID_24585,0.2636834
335,EID_1006,0.19904044
336,EID_11632,0.20028657
337,EID_21011,0.19135526
338,EID_16869,0.26511002
339,EID_20564,0.20688888
340,EID_12996,0.23560706
341,EID_1503,0.25919902
342,EID_23053,0.16608429
343,EID_22049,0.2064713
344,EID_4346,0.19437158
345,EID_1887,0.18566313
346,EID_16849,0.15540859
347,EID_10071,0.20520881
348,EID_11265,0.17720449
349,EID_12611,0.1940875
350,EID_25542,0.13843256
351,EID_11582,0.20402482
352,EID_19550,0.19335827
353,EID_5351,0.1478926
354,EID_3305,0.22742748
355,EID_18846,0.2045056
356,EID_24764,0.17802736
357,EID_2191,0.1943743
358,EID_6314,0.14735907
359,EID_23248,0.11953011
360,EID_4570,0.16021824
361,EID_16415,0.21487066
362,EID_11002,0.25552922
363,EID_20498,0.16941336
364,EID_7846,0.21341288
365,EID_24121,0.23234099
366,EID_7536,0.14832917
367,EID_2015,0.17751604
368,EID_7934,0.23748979
369,EID_20903,0.15453288
370,EID_17535,0.19647607
371,EID_19760,0.14503303
372,EID_9550,0.17706257
373,EID_4261,0.22013706
374,EID_19753,0.19865313
375,EID_13542,0.14751846
376,EID_24283,0.09219995
377,EID_7552,0.1458126
378,EID_11577,0.17801055
379,EID_3228,0.21456406
380,EID_17468,0.16076958
381,EID_15815,0.16512719
382,EID_2093,0.13293946
383,EID_21356,0.25014606
384,EID_12357,0.21347779
385,EID_18495,0.17193842
386,EID_5098,0.17760614
387,EID_12691,0.19394198
388,EID_13240,0.21245572
389,EID_19312,0.21172398
390,EID_23914,0.15634838
391,EID_23175,0.15925637
392,EID_15413,0.16599452
393,EID_4785,0.15510544
394,EID_25933,0.1543132
395,EID_22705,0.20133537
396,EID_19350,0.21079275
397,EID_5369,0.20163298
398,EID_20410,0.15081733
399,EID_12557,0.21085912
400,EID_17678,0.16875497
401,EID_1342,0.1881895
402,EID_12230,0.35500824
403,EID_1311,0.21398407
404,EID_5860,0.18209544
405,EID_4259,0.1649932
406,EID_10209,0.1821979
407,EID_2300,0.22470301
408,EID_17408,0.16369486
409,EID_1883,0.18483832
410,EID_1053,0.20798606
411,EID_23610,0.15673041
412,EID_17585,0.17078742
413,EID_20845,0.18222964
414,EID_15683,0.16165012
415,EID_11976,0.24960127
416,EID_12031,0.162936
417,EID_1711,0.17932078
418,EID_6239,0.257777
419,EID_25541,0.17230365
420,EID_9308,0.19081634
421,EID_18168,0.15879425
422,EID_11934,0.18544021
423,EID_23472,0.28024969
424,EID_13731,0.15050331
425,EID_16069,0.23754418
426,EID_18276,0.18023562
427,EID_6141,0.20615384
428,EID_12061,0.20594388
429,EID_9450,0.2675888
430,EID_21730,0.19636089
431,EID_19506,0.14944577
432,EID_13552,0.15587422
433,EID_9945,0.16306278
434,EID_1924,0.20584685
435,EID_18453,0.18280053
436,EID_20225,0.2435871
437,EID_18673,0.17047244
438,EID_11420,0.26963663
439,EID_16631,0.25098425
440,EID_21237,0.18871072
441,EID_5015,0.19273353
442,EID_20179,0.2967723
443,EID_12073,0.24100783
444,EID_21147,0.15475863
445,EID_6714,0.17761278
446,EID_10645,0.2063204
447,EID_18298,0.17109391
448,EID_2640,0.12987152
449,EID_2318,0.17011604
450,EID_25226,0.2150873
451,EID_24099,0.18067935
452,EID_20938,0.23724592
453,EID_8377,0.15127346
454,EID_7023,0.21636051
455,EID_11385,0.22151595
456,EID_15016,0.141323
457,EID_25794,0.20620489
458,EID_11494,0.21388131
459,EID_2425,0.18391898
460,EID_9847,0.22989488
461,EID_3570,0.17143032
462,EID_13573,0.21925882
463,EID_13780,0.15689328
464,EID_2949,0.19441542
465,EID_19834,0.1841568
466,EID_11384,0.19493029
467,EID_23154,0.16792506
468,EID_9337,0.18110734
469,EID_3653,0.1731236
470,EID_4850,0.17108959
471,EID_16283,0.18994015
472,EID_5107,0.21537629
473,EID_25156,0.19768018
474,EID_17223,0.16955337
475,EID_14695,0.18662396
476,EID_11374,0.17832229
477,EID_13672,0.28125978
478,EID_6782,0.25004104
479,EID_25074,0.24776876
480,EID_21087,0.18391678
481,EID_13017,0.23751411
482,EID_9947,0.2996496
483,EID_21221,0.1899826
484,EID_21639,0.19836473
485,EID_20333,0.16017461
486,EID_2970,0.24153334
487,EID_7624,0.199271
488,EID_15741,0.17458376
489,EID_1312,0.15296137
490,EID_19575,0.19129452
491,EID_21047,0.20278212
492,EID_11969,0.23979682
493,EID_19145,0.22182915
494,EID_9871,0.15904614
495,EID_18852,0.16844869
496,EID_22326,0.21106005
497,EID_7259,0.15985468
498,EID_21920,0.27213615
499,EID_1436,0.20393834
500,EID_8261,0.1741634
501,EID_23228,0.25190488
502,EID_5560,0.17786667
503,EID_22357,0.198491
504,EID_4816,0.1615327
505,EID_10000,0.19152728
506,EID_21908,0.19285902
507,EID_14887,0.23685378
508,EID_12497,0.19575754
509,EID_17976,0.23377335
510,EID_17356,0.17365596
511,EID_9785,0.18182462
512,EID_16224,0.24232826
513,EID_6020,0.2330822
514,EID_20716,0.19562307
515,EID_11351,0.22361252
516,EID_20899,0.21342033
517,EID_9718,0.1525881
518,EID_9479,0.2002433
519,EID_25048,0.2919904
520,EID_23370,0.15891984
521,EID_13877,0.11886233
522,EID_12256,0.15134513
523,EID_1903,0.2237708
524,EID_8830,0.17829052
525,EID_22060,0.118036956
526,EID_11996,0.19056907
527,EID_21061,0.13828859
528,EID_22604,0.17752156
529,EID_18463,0.14315408
530,EID_11375,0.21329936
531,EID_2685,0.17909983
532,EID_16010,0.19951633
533,EID_19288,0.27324075
534,EID_9283,0.30775854
535,EID_11122,0.14229849
536,EID_6638,0.1854637
537,EID_25516,0.16465124
538,EID_3864,0.16914666
539,EID_9746,0.17338678
540,EID_8407,0.22874504
541,EID_25463,0.2042309
542,EID_23098,0.1813421
543,EID_22512,0.21331072
544,EID_14671,0.15517518
545,EID_18482,0.17411667
546,EID_8151,0.22815084
547,EID_16624,0.22381148
548,EID_1983,0.20389113
549,EID_18445,0.15429932
550,EID_11891,0.17786646
551,EID_2010,0.1911656
552,EID_4592,0.15932769
553,EID_17412,0.17832372
554,EID_24883,0.1881083
555,EID_15661,0.17261147
556,EID_11757,0.23711938
557,EID_2627,0.23538136
558,EID_13243,0.20437825
559,EID_10917,0.18139991
560,EID_4360,0.18865901
561,EID_13536,0.1993137
562,EID_10695,0.22448069
563,EID_5746,0.14236227
564,EID_1178,0.22418174
565,EID_15290,0.26143897
566,EID_3540,0.21010605
567,EID_14684,0.18491173
568,EID_7914,0.15273166
569,EID_23733,0.24431121
570,EID_5907,0.20934147
571,EID_5142,0.24058524
572,EID_7686,0.17798883
573,EID_12078,0.21448174
574,EID_4880,0.17573208
575,EID_1527,0.22078681
576,EID_15919,0.20699665
577,EID_1260,0.16129118
578,EID_22377,0.24310726
579,EID_7876,0.13730514
580,EID_1213,0.07969284
581,EID_4161,0.2233719
582,EID_3214,0.19109163
583,EID_17651,0.17763883
584,EID_8005,0.19066101
585,EID_12852,0.14496633
586,EID_21465,0.18526757
587,EID_7371,0.21619585
588,EID_25687,0.17872086
589,EID_17222,0.13160452
590,EID_1994,0.1872513
591,EID_22384,0.2332086
592,EID_6344,0.20962217
593,EID_18801,0.16537574
594,EID_13688,0.18300015
595,EID_13779,0.18657196
596,EID_24969,0.12976947
597,EID_15311,0.2527765
598,EID_9095,0.19585076
599,EID_11675,0.14766002
600,EID_14870,0.23320237
601,EID_1575,0.2615549
602,EID_7440,0.16892731
603,EID_24259,0.22502923
604,EID_19501,0.32246947
605,EID_23743,0.12129319
606,EID_13287,0.1936808
607,EID_2226,0.09372985
608,EID_22439,0.10245755
609,EID_16078,0.25547194
610,EID_18895,0.15074795
611,EID_19860,0.18418133
612,EID_24564,0.18005845
613,EID_21747,0.17346367
614,EID_4659,0.088861436
615,EID_24149,0.18698841
616,EID_13300,0.17787558
617,EID_16950,0.19462293
618,EID_23778,0.20290053
619,EID_14691,0.21232843
620,EID_10789,0.25061506
621,EID_5525,0.16911924
622,EID_19424,0.24065536
623,EID_6171,0.2598949
624,EID_19569,0.14418048
625,EID_4602,0.1701921
626,EID_17919,0.2510906
627,EID_4286,0.08754924
628,EID_1973,0.18894139
629,EID_25715,0.19527659
630,EID_23385,0.1810123
631,EID_13681,0.18038404
632,EID_25410,0.24753326
633,EID_18267,0.18972504
634,EID_15252,0.23000285
635,EID_23214,0.26052052
636,EID_18551,0.21734509
637,EID_2401,0.17970788
638,EID_7609,0.19751316
639,EID_21291,0.23533854
640,EID_10126,0.20134163
641,EID_19714,0.17554605
642,EID_4911,0.21292728
643,EID_12505,0.18324196
644,EID_10377,0.1759508
645,EID_3407,0.23536104
646,EID_3386,0.19287127
647,EID_7623,0.16420954
648,EID_19517,0.16886717
649,EID_21782,0.26493135
650,EID_12361,0.13118973
651,EID_21171,0.21731263
652,EID_17836,0.20545593
653,EID_20286,0.22305048
654,EID_25798,0.14388242
655,EID_15699,0.17982513
656,EID_17006,0.16382232
657,EID_22476,0.16158837
658,EID_9406,0.10903713
659,EID_13559,0.16629103
660,EID_1340,0.13834348
661,EID_17848,0.19113213
662,EID_20358,0.20835927
663,EID_14265,0.18371716
664,EID_9820,0.1752204
665,EID_13755,0.19544229
666,EID_13293,0.18777183
667,EID_25837,0.20603693
668,EID_20466,0.15342963
669,EID_11032,0.1916152
670,EID_2399,0.26576024
671,EID_23917,0.23145223
672,EID_17011,0.17298445
673,EID_8967,0.17027178
674,EID_24468,0.16990596
675,EID_8435,0.19595176
676,EID_17953,0.1607477
677,EID_7140,0.18248618
678,EID_24404,0.159527
679,EID_14380,0.26422185
680,EID_1232,0.1859839
681,EID_1573,0.17504936
682,EID_3684,0.20043486
683,EID_15824,0.16778004
684,EID_9212,0.20219609
685,EID_21121,0.19456202
686,EID_6346,0.15414777
687,EID_9525,0.15639433
688,EID_9726,0.2069644
689,EID_2526,0.21810931
690,EID_4228,0.23444885
691,EID_14595,0.15656576
692,EID_15856,0.24322438
693,EID_6768,0.23716047
694,EID_23953,0.2081511
695,EID_19059,0.14096758
696,EID_5268,0.20416218
697,EID_7619,0.19330862
698,EID_23028,0.22033572
699,EID_22104,0.15785724
700,EID_10318,0.16331089
701,EID_25369,0.19286025
702,EID_16633,0.18222335
703,EID_15848,0.20577592
704,EID_2240,0.19309872
705,EID_1059,0.24314827
706,EID_9315,0.25042716
707,EID_15388,0.13591129
708,EID_9984,0.13999975
709,EID_4296,0.17151251
710,EID_10927,0.18920797
711,EID_25054,0.20185325
712,EID_1884,0.12741172
713,EID_21960,0.18751514
714,EID_5572,0.16448918
715,EID_16872,0.2125783
716,EID_24525,0.21923614
717,EID_14237,0.1467717
718,EID_7114,0.1976068
719,EID_7448,0.14643952
720,EID_17668,0.106738836
721,EID_7674,0.21347237
722,EID_5884,0.19393575
723,EID_13942,0.14167199
724,EID_13098,0.19037077
725,EID_7695,0.22350037
726,EID_5350,0.20652807
727,EID_22853,0.17479444
728,EID_2385,0.24459702
729,EID_18006,0.1786792
730,EID_12875,0.2507208
731,EID_5478,0.18710616
732,EID_18690,0.14232096
733,EID_12545,0.17387545
734,EID_13888,0.20358998
735,EID_9732,0.22548929
736,EID_18001,0.26988912
737,EID_17479,0.14159629
738,EID_23757,0.16658199
739,EID_1303,0.27856085
740,EID_5375,0.12776503
741,EID_5869,0.23926541
742,EID_8825,0.21295813
743,EID_22567,0.18050954
744,EID_16273,0.1301263
745,EID_20618,0.22701505
746,EID_3608,0.15266824
747,EID_8806,0.14045733
748,EID_23170,0.15281296
749,EID_12243,0.17562899
750,EID_20089,0.18580353
751,EID_16852,0.14776284
752,EID_18312,0.12525576
753,EID_14010,0.21704987
754,EID_14705,0.16618961
755,EID_20956,0.16036168
756,EID_18794,0.19656697
757,EID_1629,0.19037461
758,EID_25483,0.17827246
759,EID_4542,0.18293044
760,EID_10076,0.22200263
761,EID_9469,0.15464166
762,EID_25284,0.19267043
763,EID_11972,0.15968466
764,EID_1798,0.24386075
765,EID_21903,0.18914539
766,EID_20031,0.13769114
767,EID_20365,0.15897614
768,EID_9210,0.18522489
769,EID_19750,0.2299166
770,EID_4006,0.19411105
771,EID_24922,0.1784248
772,EID_4760,0.22376126
773,EID_11035,0.11944258
774,EID_21008,0.2327553
775,EID_23731,0.16376257
776,EID_21788,0.16213694
777,EID_5428,0.15639344
778,EID_14023,0.18462718
779,EID_2937,0.23016196
780,EID_16931,0.23740053
781,EID_18299,0.21837947
782,EID_6660,0.20121595
783,EID_23187,0.2248384
784,EID_14868,0.1849339
785,EID_23247,0.1657336
786,EID_15971,0.1979354
787,EID_7852,0.13131738
788,EID_7017,0.30829597
789,EID_7494,0.18025911
790,EID_18706,0.19810277
791,EID_22784,0.17174551
792,EID_10756,0.17635259
793,EID_6854,0.22750822
794,EID_12554,0.1977529
795,EID_1162,0.21781641
796,EID_19581,0.1823825
797,EID_2169,0.21913597
798,EID_25149,0.24161744
799,EID_22575,0.21240631
800,EID_2265,0.20727766
801,EID_19668,0.2345517
802,EID_19245,0.17998004
803,EID_8194,0.19833645
804,EID_8081,0.25475383
805,EID_8670,0.1710439
806,EID_7992,0.2543991
807,EID_6596,0.16010067
808,EID_3699,0.22068289
809,EID_9698,0.19192371
810,EID_1847,0.20886311
811,EID_16179,0.17808023
812,EID_23663,0.19800091
813,EID_24287,0.20067224
814,EID_3527,0.13686901
815,EID_18652,0.15537485
816,EID_24110,0.22975859
817,EID_21419,0.20565936
818,EID_12865,0.19881982
819,EID_9237,0.1911793
820,EID_20408,0.17884123
821,EID_22934,0.19405648
822,EID_6492,0.20542541
823,EID_20285,0.21709579
824,EID_1286,0.16733658
825,EID_12542,0.1877025
826,EID_5523,0.12687421
827,EID_1979,0.129942
828,EID_23146,0.20479912
829,EID_4773,0.20882642
830,EID_8785,0.23806122
831,EID_4463,0.24788412
832,EID_24028,0.18562394
833,EID_20920,0.20312956
834,EID_21392,0.19862667
835,EID_4079,0.14059746
836,EID_5173,0.1608783
837,EID_22915,0.21537873
838,EID_18347,0.18122163
839,EID_7984,0.22745064
840,EID_25148,0.20459744
841,EID_4350,0.27813423
842,EID_6909,0.15321782
843,EID_10582,0.1804885
844,EID_6248,0.15566131
845,EID_10035,0.23924944
846,EID_24603,0.26056755
847,EID_1794,0.22329268
848,EID_9407,0.2515319
849,EID_2114,0.1697587
850,EID_21125,0.19318154
851,EID_15046,0.2191486
852,EID_8058,0.19965518
853,EID_1961,0.12489906
854,EID_23324,0.16687322
855,EID_21521,0.24216387
856,EID_11043,0.30365735
857,EID_6461,0.24349642
858,EID_10398,0.16175607
859,EID_20635,0.19451192
860,EID_22940,0.22734907
861,EID_8582,0.18052158
862,EID_12770,0.14930543
863,EID_15982,0.20458591
864,EID_19692,0.21341646
865,EID_18304,0.3118927
866,EID_13603,0.18747807
867,EID_6145,0.21553653
868,EID_16587,0.13840166
869,EID_16835,0.27793092
870,EID_8399,0.22828203
871,EID_7012,0.2515725
872,EID_20575,0.18657252
873,EID_20747,0.19849685
874,EID_3907,0.20308578
875,EID_22626,0.24114963
876,EID_4442,0.19514585
877,EID_18034,0.19790116
878,EID_16055,0.18988448
879,EID_21684,0.10173866
880,EID_17499,0.19445524
881,EID_1222,0.14089912
882,EID_17204,0.15673208
883,EID_22732,0.20919609
884,EID_8539,0.21999669
885,EID_23136,0.19424185
886,EID_24470,0.2584384
887,EID_17404,0.16373298
888,EID_21498,0.17249724
889,EID_19495,0.20444813
890,EID_23966,0.13882545
891,EID_1388,0.1679466
892,EID_7374,0.18210801
893,EID_25441,0.2045731
894,EID_16616,0.24259341
895,EID_7654,0.22835559
896,EID_4217,0.16490695
897,EID_9968,0.17702636
898,EID_17830,0.11408347
899,EID_12023,0.19775179
900,EID_24002,0.13626996
901,EID_11371,0.16909161
902,EID_11096,0.10337666
903,EID_24835,0.25723696
904,EID_17439,0.14650494
905,EID_6587,0.22640774
906,EID_21946,0.20184699
907,EID_5431,0.15976745
908,EID_4723,0.1865544
909,EID_11535,0.23425731
910,EID_2330,0.16001499
911,EID_23531,0.23160937
912,EID_8913,0.21298507
913,EID_21273,0.19298801
914,EID_11927,0.14413172
915,EID_1385,0.18025813
916,EID_15758,0.18812072
917,EID_1023,0.16843224
918,EID_8959,0.20352927
919,EID_12911,0.2031653
920,EID_15925,0.12682644
921,EID_17769,0.20792076
922,EID_19842,0.19517952
923,EID_15875,0.18517384
924,EID_21284,0.17798144
925,EID_24825,0.18246344
926,EID_23825,0.16190767
927,EID_13001,0.21470493
928,EID_25601,0.1725553
929,EID_24670,0.18791193
930,EID_24412,0.17351046
931,EID_18712,0.19157803
932,EID_21138,0.24390367
933,EID_19335,0.1928457
934,EID_16753,0.19437796
935,EID_24399,0.26162308
936,EID_12567,0.18714073
937,EID_22161,0.18307069
938,EID_12609,0.2539866
939,EID_22249,0.19940841
940,EID_5314,0.22318396
941,EID_1897,0.20182168
942,EID_22507,0.21330705
943,EID_2878,0.17909682
944,EID_10098,0.1965279
945,EID_18435,0.23671266
946,EID_8063,0.22438091
947,EID_3512,0.17817321
948,EID_24444,0.2324456
949,EID_9813,0.1941832
950,EID_25132,0.1963214
951,EID_5613,0.16075706
952,EID_14062,0.16434225
953,EID_20073,0.17834505
954,EID_12506,0.105571866
955,EID_1092,0.2694565
956,EID_15895,0.15620601
957,EID_1039,0.17026374
958,EID_22016,0.2729078
959,EID_6764,0.22299486
960,EID_17384,0.2123977
961,EID_8705,0.20861682
962,EID_14832,0.17227733
963,EID_16473,0.1794829
964,EID_11186,0.14982456
965,EID_7476,0.20104831
966,EID_19671,0.18346742
967,EID_14001,0.14471927
968,EID_10658,0.1849424
969,EID_6668,0.22889927
970,EID_13786,0.21022439
971,EID_11224,0.20896041
972,EID_13296,0.19734734
973,EID_22145,0.1622869
974,EID_6494,0.1454354
975,EID_1649,0.20931423
976,EID_20878,0.197842
977,EID_3790,0.16905478
978,EID_9257,0.26094693
979,EID_14917,0.11200169
980,EID_22052,0.19351879
981,EID_1198,0.1505003
982,EID_8478,0.20678443
983,EID_2071,0.23695675
984,EID_1250,0.17291126
985,EID_9000,0.11462411
986,EID_17319,0.22101569
987,EID_21794,0.23322335
988,EID_23350,0.24086544
989,EID_16278,0.1279392
990,EID_3330,0.16697371
991,EID_12584,0.17848256
992,EID_9354,0.29628682
993,EID_15007,0.19679609
994,EID_11656,0.18401924
995,EID_22526,0.15490955
996,EID_11027,0.19906834
997,EID_21588,0.16676673
998,EID_13717,0.1277242
999,EID_8073,0.27439007
1000,EID_15972,0.20771584
1001,EID_5730,0.21368363
1002,EID_23968,0.19053125
1003,EID_4299,0.18490201
1004,EID_6302,0.2384134
1005,EID_6974,0.084707886
1006,EID_4829,0.22598931
1007,EID_21139,0.2179018
1008,EID_23456,0.1532349
1009,EID_20110,0.16778773
1010,EID_20342,0.1341227
1011,EID_15238,0.17280746
1012,EID_10349,0.18952718
1013,EID_10077,0.19936395
1014,EID_22330,0.21820688
1015,EID_4368,0.18816173
1016,EID_8859,0.19031784
1017,EID_24277,0.20663875
1018,EID_1061,0.22375447
1019,EID_5597,0.15458578
1020,EID_4820,0.19105926
1021,EID_5863,0.24767834
1022,EID_23680,0.17740631
1023,EID_5542,0.100943714
1024,EID_6203,0.18336695
1025,EID_5355,0.20713857
1026,EID_19669,0.26472253
1027,EID_21725,0.21626031
1028,EID_2138,0.14410585
1029,EID_24278,0.14764744
1030,EID_6591,0.2141487
1031,EID_21056,0.16215983
1032,EID_18759,0.21435061
1033,EID_12059,0.19098002
1034,EID_11077,0.21871671
1035,EID_17216,0.3338177
1036,EID_15655,0.1543867
1037,EID_19017,0.15006965
1038,EID_17846,0.1857023
1039,EID_6418,0.16714066
1040,EID_25942,0.23547867
1041,EID_5420,0.21676084
1042,EID_11764,0.17934114
1043,EID_16483,0.247908
1044,EID_1901,0.16906655
1045,EID_21480,0.19632131
1046,EID_8006,0.27979192
1047,EID_1282,0.1946891
1048,EID_6895,0.18263265
1049,EID_13677,0.2030521
1050,EID_6071,0.1683985
1051,EID_14425,0.1586676
1052,EID_22685,0.16019204
1053,EID_20203,0.17899758
1054,EID_19161,0.15759087
1055,EID_1947,0.17604762
1056,EID_16574,0.1640589
1057,EID_2561,0.17608029
1058,EID_20668,0.2017465
1059,EID_7831,0.19976786
1060,EID_8769,0.11872569
1061,EID_25191,0.20703155
1062,EID_15590,0.19241136
1063,EID_12458,0.17090425
1064,EID_11406,0.17528519
1065,EID_17629,0.14932731
1066,EID_4632,0.17948022
1067,EID_18455,0.12065157
1068,EID_23077,0.16788086
1069,EID_25024,0.14841774
1070,EID_6269,0.19504166
1071,EID_12100,0.1993582
1072,EID_23190,0.16799244
1073,EID_9030,0.19450456
1074,EID_12359,0.18744138
1075,EID_12041,0.17375061
1076,EID_2019,0.16924763
1077,EID_22974,0.13827056
1078,EID_10351,0.1955058
1079,EID_23630,0.21141872
1080,EID_7309,0.1942032
1081,EID_19821,0.19594684
1082,EID_4033,0.16364107
1083,EID_3435,0.19620198
1084,EID_5759,0.16322845
1085,EID_12826,0.21656749
1086,EID_8148,0.22971818
1087,EID_16088,0.11641809
1088,EID_15783,0.20491141
1089,EID_19521,0.27984846
1090,EID_13016,0.1704092
1091,EID_13708,0.21977213
1092,EID_4237,0.23216465
1093,EID_3620,0.15149537
1094,EID_10042,0.19616455
1095,EID_8833,0.14188844
1096,EID_21028,0.16927475
1097,EID_3485,0.18334231
1098,EID_23372,0.1804463
1099,EID_19410,0.16855142
1100,EID_6598,0.17210674
1101,EID_25371,0.20119673
1102,EID_19483,0.18738565
1103,EID_22826,0.18243495
1104,EID_23606,0.21780321
1105,EID_9346,0.24385652
1106,EID_1608,0.19732165
1107,EID_1603,0.20130011
1108,EID_23041,0.19006574
1109,EID_7801,0.16013595
1110,EID_22456,0.2116341
1111,EID_24428,0.20691389
1112,EID_10811,0.19900373
1113,EID_24566,0.20883572
1114,EID_2531,0.16730016
1115,EID_10878,0.19743463
1116,EID_19548,0.25181535
1117,EID_11988,0.16295865
1118,EID_11378,0.1881842
1119,EID_9896,0.20518214
1120,EID_17323,0.19382519
1121,EID_24976,0.22657397
1122,EID_11249,0.16233993
1123,EID_20395,0.22289696
1124,EID_18262,0.083097786
1125,EID_14670,0.17596942
1126,EID_12880,0.16622254
1127,EID_1406,0.23100764
1128,EID_23014,0.22254163
1129,EID_5224,0.17924398
1130,EID_3232,0.15914622
1131,EID_22327,0.20940015
1132,EID_2285,0.13233808
1133,EID_20468,0.192718
1134,EID_4443,0.19054574
1135,EID_15641,0.18176854
1136,EID_8106,0.17734241
1137,EID_13958,0.19904849
1138,EID_10214,0.18835175
1139,EID_17739,0.16667295
1140,EID_13347,0.16752008
1141,EID_23453,0.15800503
1142,EID_1477,0.18235761
1143,EID_20224,0.15104318
1144,EID_2362,0.17540911
1145,EID_21421,0.20102376
1146,EID_7860,0.22873282
1147,EID_10286,0.1987097
1148,EID_7184,0.19567367
1149,EID_21742,0.19087991
1150,EID_21610,0.17986497
1151,EID_19375,0.25930664
1152,EID_18564,0.26288217
1153,EID_19108,0.22903201
1154,EID_17928,0.20187125
1155,EID_25613,0.20545149
1156,EID_23787,0.20397112
1157,EID_2392,0.28010795
1158,EID_7574,0.23412728
1159,EID_9810,0.22452891
1160,EID_14332,0.16920516
1161,EID_20937,0.15696105
1162,EID_7827,0.20025009
1163,EID_7457,0.17213237
1164,EID_11152,0.20022932
1165,EID_12917,0.14144465
1166,EID_18590,0.25562418
1167,EID_15327,0.20823845
1168,EID_11687,0.21406558
1169,EID_5179,0.17926645
1170,EID_5623,0.21969628
1171,EID_25331,0.20129931
1172,EID_24386,0.14191067
1173,EID_6507,0.21083581
1174,EID_7842,0.17848065
1175,EID_12018,0.17812866
1176,EID_6640,0.21724555
1177,EID_9872,0.19363412
1178,EID_2331,0.21304604
1179,EID_19685,0.16633335
1180,EID_25701,0.2245849
1181,EID_25681,0.19559437
1182,EID_20151,0.22057071
1183,EID_8980,0.22188085
1184,EID_12719,0.18304604
1185,EID_20075,0.2057639
1186,EID_14984,0.21553296
1187,EID_8177,0.24291146
1188,EID_1360,0.22475594
1189,EID_24812,0.19240198
1190,EID_8480,0.17604852
1191,EID_14567,0.20977503
1192,EID_16194,0.20404679
1193,EID_10020,0.2430161
1194,EID_7321,0.24883002
1195,EID_15387,0.19204521
1196,EID_19419,0.13906032
1197,EID_20496,0.22276425
1198,EID_1308,0.16856742
1199,EID_14770,0.13783255
1200,EID_21893,0.24606594
1201,EID_10990,0.15885875
1202,EID_17521,0.1979211
1203,EID_15274,0.2324447
1204,EID_24001,0.232957
1205,EID_4111,0.17396232
1206,EID_4284,0.12581107
1207,EID_19682,0.12797993
1208,EID_14871,0.18232945
1209,EID_18152,0.18500078
1210,EID_12520,0.24019426
1211,EID_4739,0.18645582
1212,EID_8424,0.16937649
1213,EID_23600,0.18333742
1214,EID_25891,0.2242423
1215,EID_11618,0.21771574
1216,EID_12674,0.16940889
1217,EID_5999,0.17430189
1218,EID_18063,0.093131006
1219,EID_14859,0.17374918
1220,EID_20353,0.24669144
1221,EID_22962,0.2041327
1222,EID_19650,0.1941095
1223,EID_6108,0.15735406
1224,EID_19012,0.23064297
1225,EID_22925,0.19938451
1226,EID_15619,0.1665546
1227,EID_19998,0.16373715
1228,EID_20052,0.1963895
1229,EID_25044,0.17955193
1230,EID_5422,0.17833576
1231,EID_15354,0.24403676
1232,EID_3804,0.13616213
1233,EID_23277,0.2493766
1234,EID_12336,0.18141451
1235,EID_24839,0.13419822
1236,EID_1651,0.2004087
1237,EID_24355,0.16728935
1238,EID_24276,0.1462214
1239,EID_10346,0.13449895
1240,EID_9579,0.13334
1241,EID_23242,0.13008851
1242,EID_23541,0.1751844
1243,EID_14741,0.14531943
1244,EID_7783,0.18557292
1245,EID_12569,0.18260807
1246,EID_3834,0.14635101
1247,EID_6799,0.23900777
1248,EID_15609,0.14174259
1249,EID_5496,0.17633837
1250,EID_5080,0.1692856
1251,EID_14834,0.28076977
1252,EID_18266,0.20390165
1253,EID_1182,0.12417555
1254,EID_6445,0.16414532
1255,EID_18656,0.23892656
1256,EID_24011,0.17915472
1257,EID_25093,0.21937442
1258,EID_11334,0.11908594
1259,EID_15785,0.14379781
1260,EID_8060,0.23322725
1261,EID_4349,0.13620591
1262,EID_22525,0.22112781
1263,EID_1231,0.21816143
1264,EID_2127,0.16075563
1265,EID_4047,0.26005697
1266,EID_12989,0.1857101
1267,EID_17726,0.20497164
1268,EID_1602,0.077605456
1269,EID_5945,0.14933571
1270,EID_15166,0.23469093
1271,EID_25317,0.20845473
1272,EID_18848,0.15768775
1273,EID_14455,0.21967211
1274,EID_9724,0.22078261
1275,EID_22697,0.15058991
1276,EID_16505,0.17534757
1277,EID_11616,0.19131714
1278,EID_10352,0.14418143
1279,EID_24093,0.17925072
1280,EID_11826,0.24585125
1281,EID_24211,0.22314718
1282,EID_14709,0.17767292
1283,EID_18747,0.19244656
1284,EID_16077,0.24013501
1285,EID_15440,0.13552758
1286,EID_4935,0.237665
1287,EID_13791,0.17145029
1288,EID_16876,0.18631092
1289,EID_1335,0.16759765
1290,EID_19086,0.16773933
1291,EID_12872,0.2198641
1292,EID_11623,0.18355218
1293,EID_7807,0.22060305
1294,EID_9605,0.21686527
1295,EID_12736,0.24660632
1296,EID_20565,0.1413554
1297,EID_17225,0.16791642
1298,EID_19974,0.16805145
1299,EID_16045,0.16696152
1300,EID_2082,0.23823345
1301,EID_22219,0.1891469
1302,EID_19439,0.1451186
1303,EID_2979,0.17487118
1304,EID_24414,0.16598657
1305,EID_15148,0.18719175
1306,EID_10690,0.26190484
1307,EID_16346,0.17789263
1308,EID_22752,0.18262947
1309,EID_21746,0.22778091
1310,EID_1705,0.20517528
1311,EID_7498,0.25114626
1312,EID_6874,0.17703518
1313,EID_4543,0.1333732
1314,EID_8931,0.171368
1315,EID_16435,0.26517552
1316,EID_16767,0.13274258
1317,EID_3058,0.1878399
1318,EID_16381,0.21791911
1319,EID_17190,0.18615511
1320,EID_7079,0.14161578
1321,EID_10191,0.24979892
1322,EID_1378,0.17501539
1323,EID_20222,0.24653071
1324,EID_6156,0.13470554
1325,EID_5975,0.22554442
1326,EID_18682,0.20852166
1327,EID_8837,0.12619963
1328,EID_24686,0.19098726
1329,EID_9869,0.22847536
1330,EID_14673,0.18796667
1331,EID_14443,0.15818411
1332,EID_21591,0.19440126
1333,EID_25240,0.15031144
1334,EID_18365,0.18356842
1335,EID_9260,0.17017668
1336,EID_10696,0.20114776
1337,EID_18012,0.16091609
1338,EID_17421,0.24244645
1339,EID_23615,0.22600508
1340,EID_14132,0.212374
1341,EID_13168,0.18981746
1342,EID_16973,0.14561966
1343,EID_13426,0.17650849
1344,EID_1493,0.15655527
1345,EID_3994,0.18335196
1346,EID_10574,0.1402039
1347,EID_12394,0.17459282
1348,EID_4781,0.23156416
1349,EID_24911,0.2145077
1350,EID_3205,0.1566028
1351,EID_25568,0.17276722
1352,EID_4343,0.18641645
1353,EID_4330,0.17776173
1354,EID_12518,0.27411985
1355,EID_18426,0.19876325
1356,EID_3862,0.14851767
1357,EID_13478,0.16011986
1358,EID_5607,0.1458219
1359,EID_22353,0.16341564
1360,EID_18346,0.13826612
1361,EID_5978,0.24239656
1362,EID_3391,0.15130153
1363,EID_8525,0.22650829
1364,EID_5245,0.18401423
1365,EID_11791,0.18601751
1366,EID_22913,0.18958718
1367,EID_15587,0.16802332
1368,EID_4851,0.16804776
1369,EID_3432,0.16096947
1370,EID_13090,0.16337594
1371,EID_15117,0.2012828
1372,EID_22004,0.16455978
1373,EID_16053,0.20195127
1374,EID_16458,0.17999259
1375,EID_8021,0.18956801
1376,EID_24385,0.2134315
1377,EID_7053,0.23190254
1378,EID_13544,0.16253915
1379,EID_9014,0.1473982
1380,EID_9246,0.19816887
1381,EID_15642,0.1681445
1382,EID_12295,0.22463796
1383,EID_7925,0.18342677
1384,EID_18473,0.1870364
1385,EID_19427,0.16354167
1386,EID_17027,0.115489095
1387,EID_22093,0.18030861
1388,EID_25611,0.1972053
1389,EID_20490,0.26405632
1390,EID_4204,0.2571013
1391,EID_2604,0.19587159
1392,EID_16152,0.21487871
1393,EID_8563,0.24388254
1394,EID_18620,0.17540547
1395,EID_11012,0.18257451
1396,EID_19598,0.18324238
1397,EID_13159,0.163198
1398,EID_13171,0.14211425
1399,EID_8374,0.17956027
1400,EID_9838,0.20108324
1401,EID_18489,0.17311707
1402,EID_17451,0.17839304
1403,EID_7269,0.18577716
1404,EID_20548,0.14983234
1405,EID_9466,0.15704519
1406,EID_16085,0.16455504
1407,EID_24082,0.29335704
1408,EID_5078,0.1555087
1409,EID_23951,0.18134668
1410,EID_8327,0.14091432
1411,EID_5904,0.2251918
1412,EID_11085,0.19212782
1413,EID_21437,0.13199714
1414,EID_7471,0.17092225
1415,EID_12046,0.18394369
1416,EID_18653,0.19135267
1417,EID_14175,0.25637758
1418,EID_5514,0.16300061
1419,EID_20148,0.1584774
1420,EID_14260,0.18818572
1421,EID_15574,0.23863676
1422,EID_7287,0.19952506
1423,EID_18889,0.27265954
1424,EID_13106,0.18790895
1425,EID_15448,0.15126091
1426,EID_25897,0.19774932
1427,EID_23758,0.22173035
1428,EID_23208,0.14321223
1429,EID_13646,0.17879674
1430,EID_5467,0.15692079
1431,EID_6022,0.18463242
1432,EID_10923,0.21050546
1433,EID_10408,0.2597146
1434,EID_4186,0.17948523
1435,EID_22022,0.17369804
1436,EID_16390,0.21958214
1437,EID_19493,0.1629113
1438,EID_12519,0.1906485
1439,EID_23549,0.2175301
1440,EID_17612,0.21563289
1441,EID_25007,0.20159328
1442,EID_1949,0.25180018
1443,EID_23313,0.1943281
1444,EID_22516,0.18605566
1445,EID_21836,0.21677142
1446,EID_7268,0.27112728
1447,EID_8202,0.16613367
1448,EID_6613,0.12569281
1449,EID_2596,0.35460016
1450,EID_19849,0.18688893
1451,EID_11546,0.2248818
1452,EID_3942,0.16535881
1453,EID_7899,0.1862706
1454,EID_4802,0.1819846
1455,EID_6725,0.13872162
1456,EID_3835,0.18103176
1457,EID_9511,0.18364578
1458,EID_5757,0.1436097
1459,EID_24838,0.15430042
1460,EID_15225,0.189702
1461,EID_8238,0.20605734
1462,EID_2826,0.19962117
1463,EID_20774,0.16850787
1464,EID_19311,0.19138199
1465,EID_12339,0.22597826
1466,EID_1583,0.19288883
1467,EID_1033,0.15148038
1468,EID_10764,0.18525767
1469,EID_17203,0.15978068
1470,EID_1345,0.19743559
1471,EID_4951,0.15701464
1472,EID_16956,0.24210587
1473,EID_9203,0.18652594
1474,EID_7021,0.21439093
1475,EID_8707,0.24761716
1476,EID_5209,0.2104401
1477,EID_20428,0.20470443
1478,EID_10913,0.23928785
1479,EID_11507,0.20059276
1480,EID_3693,0.2109333
1481,EID_22857,0.19154805
1482,EID_18744,0.13902405
1483,EID_19600,0.22237283
1484,EID_21336,0.1710096
1485,EID_17676,0.19651249
1486,EID_1678,0.1792292
1487,EID_4889,0.15018734
1488,EID_9961,0.19335335
1489,EID_23386,0.24831244
1490,EID_19835,0.17927688
1491,EID_9519,0.22010714
1492,EID_5449,0.18902573
1493,EID_20640,0.17870378
1494,EID_16387,0.18837991
1495,EID_20293,0.20290625
1496,EID_2296,0.1875804
1497,EID_11827,0.16438374
1498,EID_21522,0.23194593
1499,EID_2767,0.17575747
1500,EID_2873,0.14353737
1501,EID_2603,0.21140838
1502,EID_2674,0.15508538
1503,EID_23682,0.18831381
1504,EID_13310,0.20410177
1505,EID_6523,0.17021355
1506,EID_13056,0.21546906
1507,EID_7244,0.30680358
1508,EID_1072,0.19373086
1509,EID_25833,0.12203401
1510,EID_11244,0.17818066
1511,EID_22918,0.2649132
1512,EID_16735,0.25396824
1513,EID_4201,0.20481151
1514,EID_5998,0.23918974
1515,EID_19254,0.14878196
1516,EID_16653,0.21748224
1517,EID_11729,0.18839568
1518,EID_19573,0.20609051
1519,EID_21463,0.19963834
1520,EID_5899,0.16200933
1521,EID_23613,0.1562447
1522,EID_8609,0.2420795
1523,EID_2660,0.07845244
1524,EID_1333,0.2076701
1525,EID_3212,0.25069863
1526,EID_7830,0.22556543
1527,EID_4372,0.20179212
1528,EID_15955,0.20438954
1529,EID_22059,0.1915906
1530,EID_22804,0.18202144
1531,EID_4700,0.19686517
1532,EID_14401,0.27084464
1533,EID_19971,0.24339446
1534,EID_10684,0.13048705
1535,EID_21512,0.16623196
1536,EID_16722,0.18004403
1537,EID_16012,0.1556333
1538,EID_19093,0.19950488
1539,EID_25636,0.16216874
1540,EID_10567,0.2118693
1541,EID_11601,0.2093735
1542,EID_25697,0.19327414
1543,EID_22131,0.19551206
1544,EID_8511,0.158676
1545,EID_18114,0.23383835
1546,EID_12784,0.18795055
1547,EID_12820,0.22546539
1548,EID_4512,0.14775684
1549,EID_5837,0.16993329
1550,EID_12564,0.20443305
1551,EID_16737,0.13651237
1552,EID_25986,0.20680806
1553,EID_8729,0.17841122
1554,EID_4386,0.15725794
1555,EID_5223,0.20100945
1556,EID_1494,0.23349851
1557,EID_22699,0.19249684
1558,EID_1083,0.19769266
1559,EID_1329,0.15179786
1560,EID_3550,0.1575782
1561,EID_18845,0.20882162
1562,EID_17946,0.23260126
1563,EID_1712,0.09754807
1564,EID_12024,0.19447961
1565,EID_2974,0.18934816
1566,EID_12806,0.19105104
1567,EID_10396,0.17985162
1568,EID_3998,0.15566981
1569,EID_22451,0.19779313
1570,EID_12242,0.18439859
1571,EID_18599,0.124424785
1572,EID_9423,0.17519179
1573,EID_25347,0.14219487
1574,EID_20183,0.1980116
1575,EID_18079,0.22658691
1576,EID_10059,0.2585562
1577,EID_1322,0.13076365
1578,EID_18109,0.14429739
1579,EID_7325,0.20154178
1580,EID_6000,0.22772571
1581,EID_10760,0.1577661
1582,EID_24380,0.20598239
1583,EID_7070,0.21142814
1584,EID_2796,0.17093569
1585,EID_18860,0.18110564
1586,EID_13597,0.18601522
1587,EID_6858,0.17508587
1588,EID_14987,0.18620276
1589,EID_8902,0.23266634
1590,EID_9453,0.2311815
1591,EID_20605,0.22836864
1592,EID_16020,0.20961264
1593,EID_6335,0.14706796
1594,EID_1317,0.17755067
1595,EID_5575,0.16763332
1596,EID_17433,0.2631462
1597,EID_6238,0.18658194
1598,EID_10734,0.18802539
1599,EID_7661,0.17496869
1600,EID_9281,0.14053974
1601,EID_19259,0.20432031
1602,EID_9544,0.2087169
1603,EID_2572,0.22248754
1604,EID_12706,0.20044282
1605,EID_20500,0.17428178
1606,EID_19258,0.24151313
1607,EID_15915,0.19535238
1608,EID_25265,0.21502802
1609,EID_16567,0.2521661
1610,EID_19553,0.18155217
1611,EID_25403,0.17375696
1612,EID_10354,0.17330694
1613,EID_19522,0.16015205
1614,EID_20132,0.17068335
1615,EID_3363,0.1774734
1616,EID_15253,0.18960479
1617,EID_8368,0.14584339
1618,EID_3883,0.1680395
1619,EID_7323,0.13072598
1620,EID_16203,0.21811709
1621,EID_9080,0.22520164
1622,EID_12266,0.18928242
1623,EID_13777,0.15171194
1624,EID_24876,0.17105073
1625,EID_11961,0.33236018
1626,EID_25871,0.17753503
1627,EID_3563,0.24131912
1628,EID_3377,0.1548152
1629,EID_19924,0.14915028
1630,EID_4070,0.1805217
1631,EID_7727,0.17078021
1632,EID_2253,0.19611043
1633,EID_5056,0.1980719
1634,EID_16751,0.16719607
1635,EID_2105,0.26366645
1636,EID_14078,0.13636771
1637,EID_18779,0.17419517
1638,EID_2218,0.15466961
1639,EID_6130,0.19694313
1640,EID_21722,0.19603369
1641,EID_17748,0.18378645
1642,EID_21322,0.20045197
1643,EID_6016,0.14553389
1644,EID_20480,0.19618809
1645,EID_18843,0.17014366
1646,EID_7336,0.24160478
1647,EID_4455,0.19436657
1648,EID_15206,0.21271005
1649,EID_15582,0.1932137
1650,EID_22381,0.13861313
1651,EID_22606,0.24089643
1652,EID_12159,0.18824393
1653,EID_10027,0.19236323
1654,EID_4107,0.11365917
1655,EID_18932,0.15644664
1656,EID_1321,0.201451
1657,EID_7759,0.17287621
1658,EID_21961,0.17654118
1659,EID_15289,0.23457459
1660,EID_23069,0.22104955
1661,EID_17187,0.23835814
1662,EID_25372,0.14785907
1663,EID_9787,0.230587
1664,EID_9797,0.1353494
1665,EID_10831,0.20523047
1666,EID_24620,0.1945486
1667,EID_8715,0.25953615
1668,EID_13459,0.1532489
1669,EID_14031,0.22072038
1670,EID_14541,0.23198098
1671,EID_12395,0.15878364
1672,EID_7150,0.22228262
1673,EID_14422,0.19935066
1674,EID_19060,0.211357
1675,EID_9338,0.18942529
1676,EID_21042,0.13639778
1677,EID_8011,0.1744003
1678,EID_8102,0.15589988
1679,EID_11068,0.14670762
1680,EID_15461,0.15205306
1681,EID_18509,0.21364301
1682,EID_5796,0.15683332
1683,EID_19905,0.21707174
1684,EID_21609,0.14387816
1685,EID_14873,0.25469345
1686,EID_8033,0.18993294
1687,EID_21354,0.2854602
1688,EID_16377,0.2025612
1689,EID_10566,0.21927634
1690,EID_4791,0.18866065
1691,EID_20944,0.15972465
1692,EID_24913,0.19296548
1693,EID_3868,0.14828327
1694,EID_10611,0.19931939
1695,EID_21702,0.25807035
1696,EID_9472,0.13156953
1697,EID_10746,0.1948821
1698,EID_17717,0.24236861
1699,EID_18535,0.17438188
1700,EID_23706,0.13760456
1701,EID_7039,0.18743554
1702,EID_23797,0.16853082
1703,EID_1574,0.19387504
1704,EID_5931,0.16366643
1705,EID_6468,0.22533655
1706,EID_15805,0.2333628
1707,EID_2988,0.24588859
1708,EID_21966,0.19898203
1709,EID_16571,0.1916635
1710,EID_10082,0.15182585
1711,EID_8359,0.16966504
1712,EID_3200,0.25803852
1713,EID_2206,0.21669558
1714,EID_14234,0.21205929
1715,EID_12498,0.16760021
1716,EID_12009,0.20968664
1717,EID_12486,0.19325727
1718,EID_2679,0.147692
1719,EID_25329,0.15715224
1720,EID_18268,0.1868675
1721,EID_18253,0.18265784
1722,EID_11915,0.20664799
1723,EID_2503,0.21427596
1724,EID_22110,0.22955832
1725,EID_9344,0.22655916
1726,EID_17568,0.1855543
1727,EID_1445,0.18930164
1728,EID_12971,0.16426718
1729,EID_14129,0.16042367
1730,EID_22888,0.1951592
1731,EID_17510,0.18747643
1732,EID_11722,0.19094533
1733,EID_18542,0.14390662
1734,EID_13158,0.20219818
1735,EID_2810,0.17077166
1736,EID_16559,0.19073367
1737,EID_1124,0.27293324
1738,EID_2137,0.2184312
1739,EID_13145,0.22456703
1740,EID_14181,0.24030572
1741,EID_24695,0.19097692
1742,EID_21367,0.20213574
1743,EID_13213,0.19362074
1744,EID_15852,0.14859527
1745,EID_9531,0.18644994
1746,EID_6197,0.1347504
1747,EID_20012,0.19527477
1748,EID_10381,0.28376037
1749,EID_9136,0.19978154
1750,EID_12063,0.23668393
1751,EID_22318,0.17466074
1752,EID_24047,0.19882962
1753,EID_5834,0.21033138
1754,EID_4763,0.16589269
1755,EID_24096,0.20252687
1756,EID_13825,0.19028515
1757,EID_14326,0.20734796
1758,EID_10111,0.122011274
1759,EID_23362,0.15272287
1760,EID_8682,0.2045699
1761,EID_18727,0.14657837
1762,EID_20725,0.23676941
1763,EID_15976,0.13231653
1764,EID_17626,0.18299478
1765,EID_13302,0.17276573
1766,EID_11333,0.20366517
1767,EID_12305,0.15662289
1768,EID_4987,0.16511178
1769,EID_12132,0.2190206
1770,EID_14163,0.20822665
1771,EID_15666,0.14776725
1772,EID_19257,0.17339581
1773,EID_1591,0.15720505
1774,EID_5610,0.23719147
1775,EID_4835,0.22349575
1776,EID_5060,0.2311762
1777,EID_15897,0.16841716
1778,EID_9771,0.19885647
1779,EID_11486,0.1803194
1780,EID_14583,0.1911188
1781,EID_17832,0.16432697
1782,EID_6876,0.20486334
1783,EID_18560,0.22161785
1784,EID_1091,0.20015585
1785,EID_3837,0.25063774
1786,EID_8508,0.18667388
1787,EID_23640,0.20949006
1788,EID_13280,0.22475165
1789,EID_3352,0.1873481
1790,EID_13404,0.21976143
1791,EID_23565,0.20199049
1792,EID_24526,0.1828424
1793,EID_9254,0.24556583
1794,EID_8916,0.19172001
1795,EID_15227,0.19310358
1796,EID_11672,0.22246236
1797,EID_8926,0.1708278
1798,EID_25125,0.2440983
1799,EID_3170,0.18258709
1800,EID_24612,0.18741137
1801,EID_23932,0.20388222
1802,EID_11554,0.16203094
1803,EID_19854,0.17340818
1804,EID_16362,0.24495459
1805,EID_13195,0.20427036
1806,EID_25559,0.24339911
1807,EID_18526,0.2447328
1808,EID_23226,0.18677253
1809,EID_5873,0.24962202
1810,EID_11286,0.20258346
1811,EID_7573,0.20657662
1812,EID_11669,0.21851602
1813,EID_12639,0.21256706
1814,EID_12309,0.2222561
1815,EID_17566,0.21520132
1816,EID_3644,0.1514326
1817,EID_9921,0.1943857
1818,EID_14703,0.12935036
1819,EID_19366,0.23043564
1820,EID_12449,0.18310863
1821,EID_24591,0.15199685
1822,EID_4698,0.14313012
1823,EID_17657,0.15674514
1824,EID_24446,0.21882331
1825,EID_18528,0.2442685
1826,EID_8868,0.18721399
1827,EID_5820,0.14449722
1828,EID_24215,0.18250865
1829,EID_19176,0.22658572
1830,EID_6578,0.1775266
1831,EID_9672,0.17848158
1832,EID_10702,0.21914944
1833,EID_4741,0.18931484
1834,EID_24067,0.19993755
1835,EID_2416,0.15901858
1836,EID_12089,0.16201058
1837,EID_8392,0.19638544
1838,EID_16766,0.22908643
1839,EID_23137,0.27743506
1840,EID_24704,0.15786994
1841,EID_13184,0.16844586
1842,EID_21642,0.19746333
1843,EID_8050,0.19745135
1844,EID_20432,0.17581591
1845,EID_14456,0.20281178
1846,EID_7769,0.16999978
1847,EID_14077,0.20967844
1848,EID_17805,0.18659455
1849,EID_14927,0.20437804
1850,EID_7995,0.21560612
1851,EID_2297,0.20448226
1852,EID_7960,0.18908799
1853,EID_9481,0.11778644
1854,EID_2781,0.18860027
1855,EID_25571,0.17744249
1856,EID_12462,0.25967538
1857,EID_17761,0.19068828
1858,EID_22310,0.19285586
1859,EID_15161,0.24423751
1860,EID_3361,0.15050206
1861,EID_2166,0.15291983
1862,EID_1515,0.20783919
1863,EID_13787,0.17790648
1864,EID_23496,0.14573473
1865,EID_7820,0.20933285
1866,EID_14433,0.16833913
1867,EID_9405,0.21043873
1868,EID_4195,0.18980408
1869,EID_24190,0.16015151
1870,EID_20400,0.22120506
1871,EID_16111,0.14824429
1872,EID_5502,0.23304087
1873,EID_17381,0.1703825
1874,EID_22435,0.1604872
1875,EID_3060,0.19360313
1876,EID_19197,0.17909402
1877,EID_13311,0.20114392
1878,EID_14282,0.20180294
1879,EID_5849,0.16593546
1880,EID_19845,0.15098444
1881,EID_6965,0.16504034
1882,EID_5048,0.19731954
1883,EID_13766,0.12146163
1884,EID_22269,0.18030548
1885,EID_4363,0.16294554
1886,EID_12215,0.19446653
1887,EID_14479,0.15392658
1888,EID_7348,0.23686382
1889,EID_25664,0.19341463
1890,EID_4940,0.27426463
1891,EID_6877,0.13993087
1892,EID_8337,0.19287676
1893,EID_1775,0.16529995
1894,EID_13938,0.17451951
1895,EID_12735,0.16654721
1896,EID_16138,0.20470119
1897,EID_18586,0.24910247
1898,EID_16650,0.15529367
1899,EID_18259,0.15533718
1900,EID_19144,0.2016443
1901,EID_4483,0.16995478
1902,EID_10929,0.19086018
1903,EID_19882,0.23354587
1904,EID_3779,0.29858404
1905,EID_18678,0.1409122
1906,EID_7168,0.15787554
1907,EID_23279,0.09722674
1908,EID_17008,0.17205727
1909,EID_2795,0.22008324
1910,EID_1833,0.2208578
1911,EID_21026,0.15071836
1912,EID_20322,0.17735192
1913,EID_10026,0.19696182
1914,EID_7742,0.22346207
1915,EID_21792,0.19190234
1916,EID_14341,0.12227827
1917,EID_24634,0.22116566
1918,EID_3379,0.18251047
1919,EID_20627,0.24464765
1920,EID_8572,0.17178991
1921,EID_15104,0.12336701
1922,EID_12426,0.16004744
1923,EID_17588,0.3126102
1924,EID_20961,0.17229658
1925,EID_23260,0.23193872
1926,EID_7213,0.17035082
1927,EID_11851,0.14195976
1928,EID_5696,0.24638498
1929,EID_23011,0.18139869
1930,EID_2035,0.19799611
1931,EID_22461,0.1834557
1932,EID_23215,0.22766244
1933,EID_6913,0.17110473
1934,EID_5739,0.18648031
1935,EID_19814,0.18474987
1936,EID_20320,0.1756286
1937,EID_2043,0.1244171
1938,EID_21992,0.18004262
1939,EID_9324,0.20582494
1940,EID_3863,0.1967673
1941,EID_7513,0.18538946
1942,EID_11120,0.24089068
1943,EID_6548,0.18123662
1944,EID_23957,0.19004598
1945,EID_11408,0.22084212
1946,EID_24638,0.16358522
1947,EID_3908,0.21896458
1948,EID_17023,0.20257229
1949,EID_10902,0.1559793
1950,EID_3543,0.20604062
1951,EID_3633,0.12640452
1952,EID_3394,0.20517132
1953,EID_8619,0.27714127
1954,EID_13424,0.25325477
1955,EID_15405,0.16201818
1956,EID_21727,0.22578445
1957,EID_18916,0.17216265
1958,EID_3335,0.2052949
1959,EID_2811,0.19508386
1960,EID_8620,0.14109859
1961,EID_3249,0.16476387
1962,EID_22140,0.2299371
1963,EID_18934,0.20448115
1964,EID_24271,0.17530638
1965,EID_2164,0.19931343
1966,EID_22961,0.1588521
1967,EID_25318,0.19312087
1968,EID_23064,0.20385695
1969,EID_1056,0.29056323
1970,EID_4389,0.1616193
1971,EID_6949,0.2150417
1972,EID_16133,0.19609827
1973,EID_8023,0.27392966
1974,EID_19426,0.17065242
1975,EID_12895,0.14081433
1976,EID_17667,0.18711635
1977,EID_14826,0.18828705
1978,EID_8807,0.12897056
1979,EID_13977,0.20042962
1980,EID_11167,0.17847049
1981,EID_22535,0.19176278
1982,EID_5357,0.20546532
1983,EID_1450,0.21365678
1984,EID_24647,0.19356251
1985,EID_1516,0.27942002
1986,EID_10122,0.17070735
1987,EID_2423,0.20258525
1988,EID_4276,0.1811699
1989,EID_10610,0.21245563
1990,EID_5840,0.18554103
1991,EID_19117,0.23037398
1992,EID_1753,0.27397782
1993,EID_11679,0.21933201
1994,EID_12425,0.17459244
1995,EID_21118,0.15399134
1996,EID_1348,0.1975067
1997,EID_3143,0.21168053
1998,EID_12153,0.16504416
1999,EID_22834,0.19832942
2000,EID_14978,0.23573297
2001,EID_23361,0.21883172
2002,EID_5207,0.08726063
2003,EID_8395,0.21509865
2004,EID_2440,0.16547361
2005,EID_14196,0.18447465
2006,EID_16684,0.2134628
2007,EID_22520,0.16117898
2008,EID_14689,0.21822593
2009,EID_22890,0.17938936
2010,EID_18695,0.22470719
2011,EID_1275,0.16753748
2012,EID_6033,0.14663777
2013,EID_25616,0.21936068
2014,EID_6190,0.20159405
2015,EID_2964,0.15511963
2016,EID_24869,0.16928083
2017,EID_3319,0.16168931
2018,EID_15857,0.22795579
2019,EID_4615,0.21358848
2020,EID_23926,0.19857433
2021,EID_15506,0.15823507
2022,EID_4168,0.24402654
2023,EID_23593,0.30931622
2024,EID_3108,0.1654424
2025,EID_22846,0.32080293
2026,EID_12618,0.14521241
2027,EID_20341,0.23244646
2028,EID_15441,0.28437585
2029,EID_20278,0.18820089
2030,EID_19511,0.18960035
2031,EID_7832,0.14698556
2032,EID_7775,0.18435454
2033,EID_9409,0.19118512
2034,EID_11483,0.19729224
2035,EID_6657,0.19998756
2036,EID_10338,0.19935456
2037,EID_7683,0.14452073
2038,EID_11854,0.222686
2039,EID_17102,0.19753447
2040,EID_9882,0.21617007
2041,EID_19326,0.30028573
2042,EID_1670,0.18030828
2043,EID_17455,0.17429188
2044,EID_24867,0.17842934
2045,EID_22972,0.12017912
2046,EID_4679,0.19985563
2047,EID_7172,0.21758676
2048,EID_7401,0.18897775
2049,EID_13199,0.26872826
2050,EID_12244,0.20917952
2051,EID_12771,0.18631884
2052,EID_7230,0.21640971
2053,EID_19736,0.24516645
2054,EID_2755,0.20676002
2055,EID_19126,0.26142004
2056,EID_20949,0.18503374
2057,EID_4573,0.14975828
2058,EID_23671,0.1672129
2059,EID_11580,0.18902624
2060,EID_15600,0.14233288
2061,EID_17577,0.12925735
2062,EID_6773,0.17482942
2063,EID_9565,0.16387415
2064,EID_13401,0.19947547
2065,EID_17438,0.17460859
2066,EID_7604,0.16042802
2067,EID_1215,0.20170683
2068,EID_24765,0.18241155
2069,EID_2084,0.17004925
2070,EID_17898,0.22618866
2071,EID_9752,0.21463862
2072,EID_19867,0.2577532
2073,EID_5430,0.11076459
2074,EID_22617,0.16562134
2075,EID_23590,0.2753205
2076,EID_11131,0.1540485
2077,EID_1623,0.1353656
2078,EID_25390,0.21062031
2079,EID_23316,0.19028738
2080,EID_11595,0.20365062
2081,EID_10827,0.16563532
2082,EID_14787,0.20970204
2083,EID_18290,0.19792265
2084,EID_17889,0.2349678
2085,EID_7936,0.1750187
2086,EID_12044,0.17166063
2087,EID_8205,0.19917136
2088,EID_22950,0.18080139
2089,EID_4965,0.191556
2090,EID_24073,0.23395729
2091,EID_4946,0.2355141
2092,EID_14618,0.14759776
2093,EID_17692,0.15908593
2094,EID_23220,0.2066266
2095,EID_24364,0.17692208
2096,EID_20216,0.11539245
2097,EID_24865,0.23488182
2098,EID_11009,0.18884858
2099,EID_6889,0.2048862
2100,EID_10375,0.19468176
2101,EID_11917,0.24590355
2102,EID_25323,0.18478295
2103,EID_21841,0.20851621
2104,EID_25278,0.19527641
2105,EID_17857,0.17745173
2106,EID_2991,0.24998736
2107,EID_23822,0.15368178
2108,EID_12098,0.1421622
2109,EID_14665,0.17602763
2110,EID_25373,0.17564192
2111,EID_22143,0.16587839
2112,EID_4000,0.16166165
2113,EID_2951,0.123636484
2114,EID_8610,0.13259533
2115,EID_6998,0.20148298
2116,EID_21972,0.19667801
2117,EID_3582,0.1690323
2118,EID_18220,0.16108438
2119,EID_12381,0.14666995
2120,EID_15689,0.21662167
2121,EID_12239,0.20037776
2122,EID_3987,0.2336553
2123,EID_20164,0.208536
2124,EID_1654,0.22408423
2125,EID_25583,0.16870022
2126,EID_22736,0.24048114
2127,EID_22169,0.20795986
2128,EID_9495,0.2576021
2129,EID_2465,0.2796507
2130,EID_1659,0.15394974
2131,EID_4509,0.19548965
2132,EID_15264,0.14337793
2133,EID_9494,0.22847888
2134,EID_23657,0.16431561
2135,EID_10376,0.22242141
2136,EID_25277,0.20978889
2137,EID_15121,0.17145672
2138,EID_14760,0.2246246
2139,EID_9160,0.21538466
2140,EID_18574,0.1510809
2141,EID_2977,0.15777233
2142,EID_4745,0.19696134
2143,EID_6762,0.22213897
2144,EID_2682,0.15984991
2145,EID_19172,0.29382366
2146,EID_1013,0.21377656
2147,EID_1242,0.28704992
2148,EID_10336,0.15993428
2149,EID_11247,0.1759235
2150,EID_4631,0.23546949
2151,EID_21660,0.1580573
2152,EID_6752,0.16357389
2153,EID_14409,0.15170574
2154,EID_21720,0.22474796
2155,EID_14495,0.20927846
2156,EID_15348,0.21708411
2157,EID_9610,0.16605216
2158,EID_10629,0.22631392
2159,EID_10182,0.23054877
2160,EID_10598,0.18558592
2161,EID_11065,0.29687417
2162,EID_16129,0.29873657
2163,EID_15572,0.2242986
2164,EID_21059,0.17910594
2165,EID_7812,0.22382799
2166,EID_15162,0.2535897
2167,EID_6911,0.12945145
2168,EID_17591,0.2202093
2169,EID_22638,0.16383088
2170,EID_3217,0.18376595
2171,EID_10116,0.17571068
2172,EID_23199,0.18070948
2173,EID_18844,0.24753484
2174,EID_19931,0.24984953
2175,EID_22215,0.12650666
2176,EID_14623,0.21585777
2177,EID_7884,0.16523623
2178,EID_3197,0.15032163
2179,EID_11291,0.20079437
2180,EID_3320,0.23278293
2181,EID_12585,0.2301426
2182,EID_13592,0.16850644
2183,EID_11264,0.1875683
2184,EID_6997,0.15228045
2185,EID_2327,0.21447521
2186,EID_9340,0.17735276
2187,EID_14544,0.17573106
2188,EID_13055,0.16256985
2189,EID_14014,0.22414774
2190,EID_7429,0.20028743
2191,EID_19008,0.17058536
2192,EID_14283,0.22413632
2193,EID_10882,0.28751776
2194,EID_5194,0.1938726
2195,EID_23844,0.24336255
2196,EID_22628,0.18038902
2197,EID_10033,0.2739547
2198,EID_13281,0.24749252
2199,EID_23871,0.2077111
2200,EID_3621,0.19348022
2201,EID_12968,0.19474676
2202,EID_5819,0.20664018
2203,EID_6694,0.17728648
2204,EID_17656,0.15638238
2205,EID_8888,0.17162278
2206,EID_14552,0.21074286
2207,EID_15342,0.2456469
2208,EID_7728,0.13825709
2209,EID_10331,0.20082992
2210,EID_5479,0.14995337
2211,EID_25526,0.24820533
2212,EID_12348,0.16627315
2213,EID_6196,0.15734726
2214,EID_3619,0.26278907
2215,EID_11280,0.2260356
2216,EID_18119,0.13087603
2217,EID_18058,0.26861668
2218,EID_20911,0.16724294
2219,EID_19840,0.18968329
2220,EID_11808,0.29733336
2221,EID_16265,0.1524691
2222,EID_25976,0.13266084
2223,EID_3872,0.20084336
2224,EID_23029,0.15740219
2225,EID_11745,0.21226534
2226,EID_9556,0.23500821
2227,EID_19748,0.22719091
2228,EID_23253,0.17515305
2229,EID_16237,0.14804658
2230,EID_11694,0.22796962
2231,EID_12824,0.12589446
2232,EID_12797,0.19344166
2233,EID_3524,0.1925027
2234,EID_10559,0.23053086
2235,EID_22844,0.18657559
2236,EID_22281,0.19832525
2237,EID_9535,0.20934033
2238,EID_1642,0.20722434
2239,EID_17630,0.20758292
2240,EID_15083,0.21412018
2241,EID_2690,0.12666276
2242,EID_12199,0.21207446
2243,EID_3449,0.19901508
2244,EID_12097,0.21005851
2245,EID_23272,0.23137039
2246,EID_6890,0.23733976
2247,EID_2438,0.21519795
2248,EID_6508,0.18187714
2249,EID_10772,0.17860469
2250,EID_6076,0.18253478
2251,EID_3045,0.21663603
2252,EID_24779,0.12550658
2253,EID_12553,0.18467847
2254,EID_24984,0.13474867
2255,EID_17157,0.18570185
2256,EID_11823,0.19561678
2257,EID_4765,0.136395
2258,EID_16143,0.14505783
2259,EID_19658,0.20020849
2260,EID_12035,0.16179901
2261,EID_3481,0.19110787
2262,EID_12776,0.15448672
2263,EID_21160,0.16455084
2264,EID_11127,0.19767997
2265,EID_11784,0.1579017
2266,EID_17458,0.16681421
2267,EID_15653,0.19327301
2268,EID_25399,0.17085615
2269,EID_8799,0.21833962
2270,EID_14529,0.15833619
2271,EID_19407,0.25695068
2272,EID_8224,0.28490132
2273,EID_21582,0.2343108
2274,EID_14807,0.24583653
2275,EID_17338,0.16989791
2276,EID_10635,0.18115318
2277,EID_16300,0.22386104
2278,EID_5155,0.16763106
2279,EID_11136,0.17359644
2280,EID_7716,0.16285834
2281,EID_13041,0.20953569
2282,EID_1572,0.13633671
2283,EID_2382,0.11114082
2284,EID_4568,0.15917408
2285,EID_25153,0.17679638
2286,EID_20523,0.161614
2287,EID_2332,0.22176084
2288,EID_6143,0.1711441
2289,EID_19549,0.22742003
2290,EID_24568,0.14740917
2291,EID_23211,0.17928383
2292,EID_2342,0.2606234
2293,EID_2922,0.14374653
2294,EID_6026,0.13491756
2295,EID_10107,0.14598492
2296,EID_14855,0.20161831
2297,EID_18780,0.1541132
2298,EID_10578,0.17975798
2299,EID_3842,0.21842092
2300,EID_10225,0.1589511
2301,EID_15275,0.13601571
2302,EID_10740,0.1338614
2303,EID_9483,0.26137632
2304,EID_11262,0.17996046
2305,EID_24388,0.17348626
2306,EID_19271,0.2152842
2307,EID_15363,0.18795845
2308,EID_16555,0.35831338
2309,EID_7387,0.14598289
2310,EID_2692,0.26128203
2311,EID_19754,0.20139137
2312,EID_10859,0.15590978
2313,EID_16618,0.1744231
2314,EID_1697,0.15424535
2315,EID_3764,0.2079821
2316,EID_4502,0.17092046
2317,EID_19240,0.20043704
2318,EID_22590,0.24326268
2319,EID_14056,0.2413938
2320,EID_20697,0.21528414
2321,EID_2505,0.21173316
2322,EID_23288,0.19163454
2323,EID_23373,0.27524796
2324,EID_18878,0.15580541
2325,EID_11857,0.1312522
2326,EID_25945,0.1955964
2327,EID_18242,0.23807856
2328,EID_22823,0.28853333
2329,EID_5625,0.1813983
2330,EID_6702,0.3351341
2331,EID_24252,0.20657676
2332,EID_12704,0.22493014
2333,EID_1770,0.1989305
2334,EID_10159,0.20766154
2335,EID_3702,0.15078965
2336,EID_2688,0.21275082
2337,EID_19784,0.16545126
2338,EID_3636,0.19049504
2339,EID_14537,0.18668637
2340,EID_4878,0.22064748
2341,EID_10260,0.18601754
2342,EID_5154,0.19113445
2343,EID_21206,0.19102892
2344,EID_15511,0.21274456
2345,EID_8010,0.15520176
2346,EID_6249,0.13805768
2347,EID_7392,0.13905928
2348,EID_18362,0.18036139
2349,EID_14147,0.19532791
2350,EID_24826,0.17648941
2351,EID_10862,0.18790516
2352,EID_3088,0.21065688
2353,EID_2871,0.1399855
2354,EID_22681,0.1861997
2355,EID_3720,0.2136018
2356,EID_21540,0.17865506
2357,EID_3516,0.18419272
2358,EID_10969,0.20460185
2359,EID_11396,0.21994025
2360,EID_11407,0.21390185
2361,EID_19264,0.21729776
2362,EID_12406,0.15815082
2363,EID_19440,0.16860631
2364,EID_22729,0.16069615
2365,EID_21143,0.14372236
2366,EID_19936,0.22933224
2367,EID_13997,0.17123353
2368,EID_15533,0.2040619
2369,EID_22065,0.23160464
2370,EID_6600,0.20601335
2371,EID_15316,0.2621893
2372,EID_10721,0.1392447
2373,EID_20630,0.19051379
2374,EID_17720,0.21144912
2375,EID_7692,0.1668829
2376,EID_25004,0.17226163
2377,EID_1804,0.16114765
2378,EID_25207,0.25710472
2379,EID_7638,0.17641133
2380,EID_8179,0.207106
2381,EID_23406,0.14895508
2382,EID_19285,0.19415253
2383,EID_15333,0.20624456
2384,EID_9685,0.1463288
2385,EID_15725,0.21045405
2386,EID_8302,0.14524394
2387,EID_10726,0.20218343
2388,EID_6168,0.18357223
2389,EID_16711,0.20596066
2390,EID_24881,0.19449496
2391,EID_15281,0.21413767
2392,EID_17428,0.12719944
2393,EID_2814,0.18927869
2394,EID_8717,0.18471536
2395,EID_4395,0.21520934
2396,EID_22871,0.21559128
2397,EID_22152,0.18422607
2398,EID_23649,0.13609779
2399,EID_24748,0.22400865
2400,EID_25426,0.15098777
2401,EID_13986,0.16383019
2402,EID_19704,0.2012271
2403,EID_15554,0.26489896
2404,EID_23100,0.16791472
2405,EID_25408,0.14274856
2406,EID_15870,0.1980184
2407,EID_4048,0.33327526
2408,EID_12712,0.2215985
2409,EID_1937,0.15436134
2410,EID_14246,0.14809579
2411,EID_2569,0.12717167
2412,EID_6228,0.10380784
2413,EID_21309,0.15204349
2414,EID_16971,0.19389299
2415,EID_25273,0.22261912
2416,EID_8968,0.2265347
2417,EID_21475,0.21726432
2418,EID_1982,0.19779679
2419,EID_23627,0.19626957
2420,EID_14209,0.15083739
2421,EID_22365,0.26057148
2422,EID_21031,0.14478377
2423,EID_16883,0.32742596
2424,EID_15734,0.16447994
2425,EID_20840,0.15058345
2426,EID_20792,0.18348667
2427,EID_2652,0.19361332
2428,EID_3079,0.19780153
2429,EID_1425,0.21755439
2430,EID_17271,0.16310292
2431,EID_22724,0.26772058
2432,EID_23964,0.22883886
2433,EID_9333,0.21822208
2434,EID_12374,0.22398368
2435,EID_25107,0.24399328
2436,EID_22869,0.26788387
2437,EID_18753,0.17056632
2438,EID_16805,0.20981541
2439,EID_19994,0.16252908
2440,EID_3004,0.18681294
2441,EID_12616,0.20759854
2442,EID_6090,0.1869564
2443,EID_3303,0.18941742
2444,EID_9435,0.23906395
2445,EID_1838,0.15570155
2446,EID_15681,0.18495068
2447,EID_17496,0.32725063
2448,EID_8456,0.16665825
2449,EID_23174,0.1607039
2450,EID_8285,0.18364412
2451,EID_6547,0.18163887
2452,EID_23648,0.12128717
2453,EID_7958,0.17419606
2454,EID_19299,0.15656188
2455,EID_8699,0.17379773
2456,EID_14528,0.1948382
2457,EID_23167,0.1567632
2458,EID_25289,0.17951304
2459,EID_12802,0.2705421
2460,EID_15986,0.20225012
2461,EID_3609,0.19461334
2462,EID_2045,0.12306097
2463,EID_1788,0.17643073
2464,EID_22630,0.12398401
2465,EID_10542,0.19110563
2466,EID_13101,0.2358396
2467,EID_5159,0.21206367
2468,EID_18490,0.19527411
2469,EID_25693,0.13490638
2470,EID_20514,0.15956768
2471,EID_3713,0.12412
2472,EID_11193,0.2700897
2473,EID_6052,0.17775252
2474,EID_6986,0.1521149
2475,EID_9104,0.22167337
2476,EID_23058,0.22203055
2477,EID_3156,0.16588491
2478,EID_17660,0.23295793
2479,EID_17514,0.16329375
2480,EID_15370,0.14883071
2481,EID_12207,0.17509171
2482,EID_7351,0.19838265
2483,EID_24727,0.18175638
2484,EID_6356,0.20774093
2485,EID_15421,0.20403624
2486,EID_11772,0.18984342
2487,EID_14071,0.17731789
2488,EID_16359,0.18169835
2489,EID_16919,0.15050283
2490,EID_21496,0.19696262
2491,EID_10564,0.18321648
2492,EID_3773,0.17536718
2493,EID_9484,0.20819834
2494,EID_13601,0.14932251
2495,EID_13843,0.22010994
2496,EID_8774,0.16723514
2497,EID_7542,0.23289227
2498,EID_3388,0.18621144
2499,EID_17949,0.16705611
2500,EID_1815,0.19230738
2501,EID_10479,0.17355657
2502,EID_10722,0.18935788
2503,EID_3427,0.21486226
2504,EID_18205,0.12777844
2505,EID_21650,0.20569524
2506,EID_23124,0.20737842
2507,EID_4294,0.21008801
2508,EID_13366,0.108213395
2509,EID_13957,0.21996784
2510,EID_3578,0.22888413
2511,EID_24105,0.18473166
2512,EID_13186,0.20182955
2513,EID_24214,0.1552724
2514,EID_17251,0.23580375
2515,EID_23225,0.20186356
2516,EID_2152,0.12650257
2517,EID_10625,0.25843233
2518,EID_2044,0.20862237
2519,EID_7201,0.18447357
2520,EID_2405,0.20666003
2521,EID_22716,0.23542884
2522,EID_22728,0.25188062
2523,EID_21251,0.20935649
2524,EID_6915,0.17206377
2525,EID_14744,0.15346038
2526,EID_15814,0.18572429
2527,EID_6659,0.25964338
2528,EID_10991,0.17060626
2529,EID_6500,0.16429701
2530,EID_19121,0.16220748
2531,EID_6278,0.180372
2532,EID_13236,0.1852834
2533,EID_5382,0.18801227
2534,EID_6871,0.17007259
2535,EID_5012,0.19042206
2536,EID_1268,0.20165822
2537,EID_6588,0.19293323
2538,EID_22163,0.2236104
2539,EID_11121,0.22286966
2540,EID_22615,0.15313962
2541,EID_7838,0.2114197
2542,EID_3344,0.13899904
2543,EID_25292,0.15443152
2544,EID_10730,0.19782788
2545,EID_10317,0.17700893
2546,EID_13443,0.2103067
2547,EID_10988,0.1813946
2548,EID_23091,0.23221162
2549,EID_1839,0.17977571
2550,EID_13892,0.19618914
2551,EID_1496,0.20759836
2552,EID_15045,0.15936986
2553,EID_3744,0.16112325
2554,EID_13010,0.24961615
2555,EID_9716,0.19579402
2556,EID_2993,0.19722101
2557,EID_23435,0.17113543
2558,EID_8587,0.25225472
2559,EID_22132,0.1630565
2560,EID_21413,0.20479763
2561,EID_11881,0.22294685
2562,EID_19850,0.2540958
2563,EID_18460,0.14082083
2564,EID_17983,0.20166934
2565,EID_14888,0.2182078
2566,EID_14002,0.17616966
2567,EID_13524,0.16781452
2568,EID_4049,0.1375866
2569,EID_6535,0.18676019
2570,EID_10557,0.15199026
2571,EID_1313,0.18866533
2572,EID_12424,0.14748895
2573,EID_8210,0.20633772
2574,EID_22378,0.16206655
2575,EID_19644,0.14238602
2576,EID_8790,0.18588734
2577,EID_5778,0.21371329
2578,EID_23887,0.18074909
2579,EID_16103,0.26370436
2580,EID_20604,0.18789178
2581,EID_17378,0.19602016
2582,EID_5566,0.13802505
2583,EID_24264,0.14871427
2584,EID_7814,0.26023918
2585,EID_1968,0.1793988
2586,EID_10282,0.20500383
2587,EID_13648,0.1754987
2588,EID_22376,0.17623201
2589,EID_3690,0.207692
2590,EID_17871,0.16255319
2591,EID_19167,0.17543954
2592,EID_5366,0.19935289
2593,EID_16996,0.19288656
2594,EID_1953,0.22326598
2595,EID_8760,0.21042404
2596,EID_20448,0.18481252
2597,EID_15787,0.20535052
2598,EID_18982,0.14477298
2599,EID_4388,0.16704836
2600,EID_22325,0.15046626
2601,EID_10189,0.15743446
2602,EID_21162,0.20390081
2603,EID_1032,0.25525105
2604,EID_12045,0.23878002
2605,EID_18324,0.1610547
2606,EID_15085,0.19362536
2607,EID_21927,0.16596586
2608,EID_13325,0.18976265
2609,EID_17801,0.16400164
2610,EID_7678,0.17229363
2611,EID_17469,0.1642322
2612,EID_14318,0.17785329
2613,EID_16439,0.2646028
2614,EID_2307,0.14555526
2615,EID_20011,0.13305989
2616,EID_19381,0.15678835
2617,EID_14043,0.15678194
2618,EID_14774,0.21216923
2619,EID_22982,0.1556699
2620,EID_19092,0.1478245
2621,EID_13137,0.24276966
2622,EID_5738,0.24239048
2623,EID_19661,0.19722262
2624,EID_22570,0.21043271
2625,EID_16393,0.27068475
2626,EID_4256,0.16307345
2627,EID_17873,0.17395896
2628,EID_13832,0.13441831
2629,EID_17617,0.15755966
2630,EID_3106,0.1789136
2631,EID_6567,0.21208492
2632,EID_4727,0.27015626
2633,EID_14518,0.22543246
2634,EID_1070,0.14616811
2635,EID_19385,0.22313568
2636,EID_20032,0.15747535
2637,EID_11714,0.14513868
2638,EID_23636,0.13086414
2639,EID_1985,0.25503576
2640,EID_5627,0.13046828
2641,EID_15171,0.18782112
2642,EID_8811,0.17400521
2643,EID_2163,0.17438221
2644,EID_8459,0.16528785
2645,EID_18138,0.153572
2646,EID_17518,0.1906892
2647,EID_17432,0.15953037
2648,EID_25686,0.14010575
2649,EID_2470,0.2341212
2650,EID_16311,0.19742793
2651,EID_6903,0.20581496
2652,EID_11990,0.20270857
2653,EID_23460,0.18421715
2654,EID_25924,0.22383046
2655,EID_13985,0.16365215
2656,EID_5455,0.20429605
2657,EID_13427,0.22202882
2658,EID_24855,0.22776875
2659,EID_15532,0.20878178
2660,EID_8953,0.22604251
2661,EID_22683,0.16962159
2662,EID_22493,0.20159334
2663,EID_1451,0.2380377
2664,EID_20796,0.19472402
2665,EID_17281,0.16272917
2666,EID_7767,0.2816368
2667,EID_20838,0.16740274
2668,EID_17235,0.13640332
2669,EID_21615,0.2084611
2670,EID_6972,0.1848419
2671,EID_13930,0.18002892
2672,EID_4188,0.2315175
2673,EID_11277,0.11325255
2674,EID_18053,0.17678618
2675,EID_11288,0.1562942
2676,EID_1148,0.23021385
2677,EID_19216,0.23513469
2678,EID_7660,0.12316796
2679,EID_22805,0.19374129
2680,EID_11931,0.17565772
2681,EID_16921,0.14674556
2682,EID_4993,0.1999923
2683,EID_18070,0.13524458
2684,EID_15648,0.16874507
2685,EID_11404,0.17533422
2686,EID_14248,0.21503836
2687,EID_15424,0.2696089
2688,EID_8039,0.14039499
2689,EID_7094,0.21235508
2690,EID_13161,0.17335421
2691,EID_9293,0.16463783
2692,EID_4351,0.2679601
2693,EID_17259,0.20716462
2694,EID_2681,0.16136321
2695,EID_22123,0.19920588
2696,EID_8528,0.1718798
2697,EID_11798,0.18779087
2698,EID_20265,0.16452172
2699,EID_21396,0.20078465
2700,EID_12220,0.22204462
2701,EID_25722,0.18221962
2702,EID_21719,0.22511831
2703,EID_3506,0.16843379
2704,EID_2139,0.28177714
2705,EID_6562,0.16293523
2706,EID_4353,0.17719653
2707,EID_24392,0.2034958
2708,EID_11238,0.17226851
2709,EID_20617,0.20348361
2710,EID_21473,0.22262105
2711,EID_16837,0.21435204
2712,EID_1800,0.13187474
2713,EID_25849,0.19639951
2714,EID_9395,0.25543857
2715,EID_2415,0.16003293
2716,EID_9286,0.19656682
2717,EID_5081,0.16207904
2718,EID_22546,0.1662077
2719,EID_11932,0.20384619
2720,EID_16292,0.14308578
2721,EID_17882,0.18298852
2722,EID_20889,0.24155101
2723,EID_10031,0.12762237
2724,EID_21576,0.2202748
2725,EID_8256,0.13971254
2726,EID_2614,0.1714985
2727,EID_2098,0.16419327
2728,EID_10242,0.21357313
2729,EID_21993,0.16114742
2730,EID_22664,0.20581585
2731,EID_1919,0.17813256
2732,EID_11629,0.1305514
2733,EID_6840,0.19831187
2734,EID_25493,0.2269181
2735,EID_14968,0.13197616
2736,EID_25313,0.1507881
2737,EID_8035,0.18394089
2738,EID_8969,0.16218033
2739,EID_15223,0.1679481
2740,EID_6266,0.21552137
2741,EID_8184,0.18924254
2742,EID_19480,0.19948196
2743,EID_19076,0.2416048
2744,EID_16339,0.2132763
2745,EID_7963,0.23630044
2746,EID_17427,0.17785454
2747,EID_12641,0.15958622
2748,EID_4122,0.18174002
2749,EID_23659,0.27655566
2750,EID_13486,0.15488371
2751,EID_18423,0.18153855
2752,EID_2181,0.19607693
2753,EID_25490,0.16262358
2754,EID_9211,0.16929758
2755,EID_5237,0.21425459
2756,EID_2418,0.19338393
2757,EID_17716,0.15935963
2758,EID_13837,0.186656
2759,EID_2840,0.21136555
2760,EID_13004,0.23614752
2761,EID_14429,0.17780021
2762,EID_18915,0.24610713
2763,EID_22415,0.20927042
2764,EID_4304,0.2129519
2765,EID_10753,0.2040517
2766,EID_22612,0.20455
2767,EID_1857,0.24007192
2768,EID_3566,0.15210429
2769,EID_8545,0.23353875
2770,EID_21685,0.19046462
2771,EID_9946,0.22034767
2772,EID_20447,0.16299987
2773,EID_3887,0.17851883
2774,EID_8351,0.21872315
2775,EID_23889,0.32646713
2776,EID_8248,0.18704638
2777,EID_16621,0.24708521
2778,EID_25138,0.17747301
2779,EID_10004,0.23643121
2780,EID_5522,0.24372607
2781,EID_23416,0.13192168
2782,EID_14897,0.19530138
2783,EID_10840,0.17214593
2784,EID_21716,0.22779074
2785,EID_18484,0.20597604
2786,EID_7402,0.25311482
2787,EID_24854,0.19744453
2788,EID_1610,0.22492033
2789,EID_17592,0.10344133
2790,EID_22128,0.16411534
2791,EID_17304,0.19355923
2792,EID_1508,0.21692526
2793,EID_20492,0.19941083
2794,EID_2324,0.20813671
2795,EID_17093,0.16030616
2796,EID_23356,0.18506703
2797,EID_17895,0.17892313
2798,EID_8186,0.19570094
2799,EID_19358,0.21321312
2800,EID_6030,0.17652369
2801,EID_17457,0.1864793
2802,EID_14976,0.20474836
2803,EID_8914,0.1958074
2804,EID_5721,0.17102686
2805,EID_11266,0.25598973
2806,EID_17012,0.2066018
2807,EID_7554,0.17597005
2808,EID_3087,0.20683119
2809,EID_19716,0.1676315
2810,EID_21723,0.20868018
2811,EID_13072,0.22968662
2812,EID_9776,0.2101458
2813,EID_25927,0.18932241
2814,EID_5593,0.12554634
2815,EID_13954,0.18490028
2816,EID_16034,0.17904717
2817,EID_1719,0.14766052
2818,EID_23054,0.22672886
2819,EID_15591,0.18506649
2820,EID_5178,0.22185278
2821,EID_24346,0.27197737
2822,EID_21264,0.23909608
2823,EID_3292,0.18181896
2824,EID_14975,0.25071955
2825,EID_9165,0.23467684
2826,EID_23369,0.17010081
2827,EID_18767,0.18094888
2828,EID_10153,0.16235998
2829,EID_2542,0.1869317
2830,EID_23826,0.23714116
2831,EID_20391,0.19098946
2832,EID_8633,0.18875626
2833,EID_5875,0.22276548
2834,EID_12699,0.16195479
2835,EID_12982,0.19117135
2836,EID_16392,0.1359464
2837,EID_8185,0.19367826
2838,EID_15462,0.23078653
2839,EID_4853,0.19254625
2840,EID_17622,0.18612012
2841,EID_23074,0.22004703
2842,EID_6390,0.1621114
2843,EID_24539,0.22351319
2844,EID_12963,0.19786245
2845,EID_8649,0.20977253
2846,EID_11810,0.16722995
2847,EID_3598,0.18148556
2848,EID_13511,0.19694039
2849,EID_16014,0.17758319
2850,EID_24791,0.2375369
2851,EID_3417,0.22345501
2852,EID_24668,0.1317527
2853,EID_4508,0.17264244
2854,EID_25150,0.21039987
2855,EID_25934,0.15191364
2856,EID_6308,0.24628523
2857,EID_10508,0.23344955
2858,EID_18724,0.17366922
2859,EID_10536,0.19335455
2860,EID_18738,0.140564
2861,EID_15949,0.14312616
2862,EID_20722,0.19098455
2863,EID_14963,0.19745958
2864,EID_6682,0.15470484
2865,EID_8365,0.1980254
2866,EID_17999,0.23301956
2867,EID_24499,0.1597049
2868,EID_20389,0.17055094
2869,EID_12123,0.20824435
2870,EID_19203,0.18038246
2871,EID_3538,0.24665222
2872,EID_19811,0.2068313
2873,EID_11473,0.17962056
2874,EID_3032,0.20966622
2875,EID_8419,0.15266225
2876,EID_9052,0.20211107
2877,EID_15837,0.19467178
2878,EID_6644,0.1808351
2879,EID_16894,0.17378229
2880,EID_10552,0.14976421
2881,EID_14750,0.21388876
2882,EID_16659,0.22364405
2883,EID_4472,0.15849873
2884,EID_4076,0.15165067
2885,EID_5163,0.21845677
2886,EID_25923,0.21339968
2887,EID_24806,0.19738156
2888,EID_3742,0.17694852
2889,EID_19722,0.16147855
2890,EID_18033,0.21687558
2891,EID_16718,0.21351758
2892,EID_13182,0.23250523
2893,EID_23021,0.20032263
2894,EID_20329,0.14407519
2895,EID_8770,0.23018259
2896,EID_11234,0.17261273
2897,EID_18881,0.15160751
2898,EID_1365,0.25848615
2899,EID_19318,0.2304509
2900,EID_19343,0.16606876
2901,EID_4435,0.18667597
2902,EID_22102,0.20971078
2903,EID_24095,0.16430458
2904,EID_9897,0.22665331
2905,EID_21635,0.17094857
2906,EID_16514,0.22689703
2907,EID_1997,0.18223932
2908,EID_10324,0.23624599
2909,EID_6487,0.2786855
2910,EID_21197,0.20604903
2911,EID_19082,0.20337027
2912,EID_17562,0.16880623
2913,EID_8738,0.20824552
2914,EID_13687,0.15524289
2915,EID_19572,0.16009176
2916,EID_24909,0.14034694
2917,EID_21814,0.17990357
2918,EID_12083,0.18166032
2919,EID_25919,0.18662721
2920,EID_19140,0.11111629
2921,EID_23924,0.215473
2922,EID_1208,0.20052058
2923,EID_18170,0.2929384
2924,EID_18699,0.19543606
2925,EID_1318,0.16906741
2926,EID_14941,0.16140756
2927,EID_6540,0.18545964
2928,EID_20936,0.20291653
2929,EID_9705,0.22963354
2930,EID_24181,0.22505975
2931,EID_22138,0.2247633
2932,EID_23044,0.20737365
2933,EID_9038,0.20039865
2934,EID_3247,0.22604263
2935,EID_19630,0.17376241
2936,EID_8655,0.20722175
2937,EID_10423,0.21605942
2938,EID_3946,0.17028996
2939,EID_16512,0.23184273
2940,EID_12473,0.24499467
2941,EID_11571,0.22606987
2942,EID_14381,0.20016834
2943,EID_12675,0.29094893
2944,EID_1930,0.21174213
2945,EID_20155,0.21810132
2946,EID_22902,0.15157735
2947,EID_24145,0.17531553
2948,EID_5342,0.19719124
2949,EID_8334,0.22355354
2950,EID_25708,0.20561075
2951,EID_19991,0.21087417
2952,EID_5499,0.1850605
2953,EID_5953,0.18791428
2954,EID_7444,0.22109774
2955,EID_6218,0.23513958
2956,EID_12891,0.22301912
2957,EID_16456,0.23448995
2958,EID_20256,0.21028456
2959,EID_9959,0.22079095
2960,EID_8845,0.17039055
2961,EID_1662,0.14846647
2962,EID_8739,0.21998468
2963,EID_20695,0.274001
2964,EID_19446,0.19650313
2965,EID_12441,0.23368862
2966,EID_13066,0.18300006
2967,EID_8911,0.19716114
2968,EID_22200,0.2022802
2969,EID_9689,0.15495014
2970,EID_1668,0.19130152
2971,EID_8120,0.20364434
2972,EID_22777,0.19594464
2973,EID_19141,0.19905588
2974,EID_22674,0.20389035
2975,EID_16121,0.21843442
2976,EID_14662,0.20879853
2977,EID_23290,0.1582587
2978,EID_20144,0.26332116
2979,EID_23052,0.21292365
2980,EID_25575,0.16924173
2981,EID_23724,0.14273387
2982,EID_14759,0.2251736
2983,EID_25209,0.14849603
2984,EID_17753,0.16373682
2985,EID_4693,0.27194515
2986,EID_17284,0.23006138
2987,EID_9131,0.21097723
2988,EID_24625,0.15102541
2989,EID_24912,0.22434789
2990,EID_19612,0.1559174
2991,EID_9147,0.12116492
2992,EID_6891,0.17995611
2993,EID_10639,0.20191732
2994,EID_5880,0.14459074
2995,EID_22547,0.26973045
2996,EID_10066,0.12653285
2997,EID_7126,0.09808916
2998,EID_4929,0.25331643
2999,EID_24750,0.14875698
