Employee_ID,Attrition_rate
EID_22713,0.24258801
EID_9658,0.2538985
EID_22203,0.16023067
EID_7652,0.18382013
EID_6516,0.20338824
EID_20283,0.13564822
EID_21014,0.22800457
EID_7693,0.22371796
EID_13232,0.17023236
EID_6515,0.24291939
EID_13639,0.15410635
EID_14669,0.21740386
EID_16537,0.23502412
EID_5782,0.30767852
EID_20157,0.15705034
EID_1855,0.19556326
EID_20748,0.18222287
EID_23179,0.14840588
EID_12838,0.19290426
EID_21656,0.17521214
EID_8844,0.23048976
EID_1536,0.23332751
EID_8822,0.19609818
EID_11398,0.21391186
EID_12965,0.1431722
EID_5204,0.16814834
EID_10030,0.30120564
EID_13227,0.17948914
EID_20607,0.18584159
EID_14070,0.20385441
EID_3755,0.23870021
EID_5459,0.21422586
EID_7697,0.2197892
EID_3935,0.14395863
EID_19046,0.25416744
EID_4040,0.19431779
EID_17730,0.16066751
EID_4995,0.16770533
EID_24653,0.18175921
EID_6978,0.16674438
EID_13775,0.20767894
EID_14608,0.23117217
EID_3148,0.21375468
EID_24868,0.2407012
EID_5521,0.19663385
EID_21155,0.16370532
EID_3840,0.25545278
EID_10646,0.17341927
EID_6711,0.16947192
EID_16247,0.13299528
EID_16789,0.25690734
EID_17967,0.14864084
EID_13270,0.20370725
EID_18462,0.10986698
EID_22248,0.2260072
EID_22693,0.20758525
EID_25662,0.14527309
EID_23346,0.15846303
EID_4437,0.15264267
EID_18108,0.21877927
EID_7000,0.14697176
EID_22770,0.24113068
EID_7816,0.17248642
EID_19615,0.15679166
EID_23807,0.15328231
EID_16764,0.22643971
EID_16818,0.16818851
EID_22712,0.16483945
EID_18198,0.1799913
EID_11154,0.21259594
EID_22137,0.21985453
EID_11655,0.15402347
EID_18514,0.21377158
EID_24742,0.21304888
EID_16019,0.21274766
EID_7357,0.21091595
EID_20106,0.17721966
EID_13284,0.21643957
EID_5451,0.18351269
EID_19728,0.22611615
EID_9178,0.22817194
EID_13177,0.14436164
EID_14300,0.1539897
EID_4379,0.20353079
EID_11285,0.21161664
EID_14882,0.18341479
EID_9969,0.15683383
EID_23643,0.13639727
EID_5935,0.18432713
EID_7741,0.13457099
EID_6176,0.1970323
EID_5418,0.23434249
EID_20626,0.23880342
EID_1725,0.20013213
EID_14317,0.18609065
EID_12120,0.16969311
EID_20264,0.17070758
EID_16691,0.10331124
EID_1093,0.18031856
EID_2565,0.12907782
EID_11463,0.18555003
EID_12005,0.15132418
EID_10326,0.20149845
EID_12582,0.2020405
EID_18228,0.14533377
EID_11670,0.2133055
EID_24257,0.17131382
EID_7024,0.15559101
EID_10382,0.21225986
EID_20210,0.16950658
EID_10294,0.17188373
EID_19941,0.28293747
EID_25572,0.18567401
EID_7758,0.2020807
EID_22718,0.24439076
EID_1078,0.18370932
EID_8227,0.23860496
EID_1702,0.24667838
EID_3532,0.21466693
EID_22452,0.17754298
EID_3019,0.17021212
EID_22264,0.17503572
EID_9866,0.20794097
EID_3520,0.24134555
EID_21098,0.24613595
EID_1186,0.16377756
EID_12355,0.2503239
EID_11020,0.11724162
EID_19193,0.09659621
EID_17787,0.18694857
EID_13719,0.21823558
EID_24449,0.20294306
EID_12957,0.228225
EID_24794,0.18139383
EID_2866,0.24367219
EID_10563,0.17389995
EID_22492,0.21309981
EID_4106,0.21594259
EID_6648,0.18501675
EID_7209,0.15840662
EID_9692,0.16149926
EID_22763,0.13092297
EID_12622,0.1855757
EID_9831,0.16099486
EID_5731,0.20658886
EID_1114,0.1864557
EID_25017,0.20345446
EID_22956,0.17993835
EID_5549,0.26529422
EID_12022,0.24653682
EID_8034,0.21797195
EID_20644,0.17030844
EID_20125,0.16410884
EID_21957,0.22923607
EID_8870,0.17700574
EID_2305,0.23599136
EID_3977,0.18838817
EID_14845,0.1840609
EID_6629,0.17601135
EID_14577,0.25285465
EID_24509,0.16252261
EID_1530,0.14428154
EID_21524,0.21848065
EID_6647,0.15113866
EID_19730,0.23263323
EID_4424,0.14832255
EID_7964,0.21966854
EID_6289,0.16503766
EID_2899,0.17873216
EID_2827,0.17259672
EID_8801,0.170616
EID_20454,0.23276198
EID_18988,0.20004848
EID_8405,0.2236551
EID_14497,0.17420751
EID_11769,0.23338714
EID_21353,0.19892824
EID_2221,0.1687417
EID_13218,0.18492183
EID_4576,0.14844358
EID_17470,0.2214418
EID_14817,0.18085775
EID_21845,0.15027398
EID_21987,0.16652033
EID_1168,0.20409581
EID_14315,0.1972343
EID_5043,0.28903508
EID_1967,0.21793291
EID_22274,0.1607525
EID_11091,0.16122174
EID_18421,0.19488776
EID_8316,0.17383829
EID_13308,0.30208135
EID_19481,0.18939602
EID_17732,0.21111095
EID_4504,0.15608168
EID_2539,0.1698978
EID_19529,0.22244543
EID_2279,0.24934027
EID_14508,0.21846226
EID_12241,0.22831953
EID_11530,0.21922687
EID_20147,0.16999063
EID_6154,0.17423442
EID_3523,0.18024221
EID_20453,0.21083552
EID_11929,0.16225573
EID_12840,0.17768127
EID_22320,0.16369948
EID_25383,0.18384844
EID_10731,0.21924964
EID_1017,0.24101257
EID_1819,0.2507246
EID_22849,0.16551623
EID_12290,0.16482943
EID_24238,0.14021015
EID_3105,0.21217749
EID_14242,0.17574978
EID_16569,0.23569703
EID_8094,0.22449282
EID_7824,0.18445787
EID_8978,0.18922108
EID_25314,0.2148971
EID_17810,0.16408056
EID_14856,0.12312555
EID_22144,0.22668257
EID_23603,0.14197859
EID_7211,0.23484835
EID_19340,0.33058038
EID_1501,0.14459488
EID_22111,0.1843848
EID_16147,0.20192465
EID_16746,0.1604487
EID_20777,0.17997518
EID_12999,0.17254221
EID_21663,0.17906094
EID_11862,0.19175795
EID_17683,0.24497771
EID_19819,0.14425391
EID_21562,0.20334905
EID_24390,0.16697606
EID_14444,0.17803538
EID_3261,0.13654473
EID_7752,0.22799525
EID_3033,0.17257094
EID_22433,0.21218452
EID_23727,0.19085118
EID_24107,0.1810674
EID_22537,0.23270094
EID_13645,0.10253134
EID_16021,0.18877715
EID_19800,0.21158546
EID_1944,0.100887686
EID_15868,0.20091477
EID_22188,0.19000855
EID_13833,0.18649179
EID_15028,0.2537629
EID_24861,0.19907272
EID_13033,0.22001222
EID_23673,0.18331465
EID_13265,0.16677564
EID_23411,0.24065012
EID_3761,0.19688678
EID_7299,0.16400325
EID_2379,0.19109419
EID_18863,0.18179542
EID_12115,0.20921382
EID_23879,0.15628192
EID_16586,0.18636677
EID_19003,0.19929513
EID_11107,0.21920583
EID_15416,0.19398701
EID_19214,0.1971817
EID_5135,0.2223973
EID_22464,0.19849259
EID_22759,0.22376516
EID_17833,0.20263475
EID_17627,0.23376486
EID_25730,0.22576883
EID_2377,0.19113407
EID_18085,0.11968964
EID_14096,0.16856572
EID_8384,0.21053082
EID_17105,0.28266126
EID_9929,0.20179695
EID_13267,0.30528167
EID_12954,0.16627517
EID_4464,0.16018033
EID_11464,0.21162951
EID_19308,0.10825199
EID_17530,0.16950011
EID_6981,0.18544021
EID_19951,0.16037682
EID_1100,0.24272326
EID_25145,0.13193032
EID_15614,0.19115674
EID_2961,0.2261667
EID_1742,0.13433287
EID_2843,0.20857167
EID_9549,0.21996376
EID_12832,0.22870779
EID_17914,0.2444377
EID_22832,0.19052023
EID_5755,0.17798963
EID_1141,0.18841007
EID_18954,0.18258649
EID_10824,0.19736683
EID_24478,0.15507552
EID_14916,0.19025803
EID_4434,0.33153385
EID_23650,0.14934886
EID_16556,0.14013556
EID_24656,0.22628066
EID_25965,0.1994052
EID_9279,0.19624603
EID_13802,0.17298445
EID_2748,0.17210725
EID_17346,0.21106821
EID_1171,0.29441494
EID_1552,0.19475618
EID_20674,0.18603536
EID_2475,0.1651009
EID_16714,0.17336735
EID_7857,0.19839278
EID_3294,0.19571838
EID_2280,0.12756401
EID_10203,0.15514502
EID_22162,0.21170473
EID_10438,0.21546647
EID_12898,0.25125122
EID_4358,0.21245933
EID_6179,0.19173291
EID_2538,0.15951848
EID_13110,0.16780409
EID_24585,0.2636834
EID_1006,0.19904044
EID_11632,0.20028657
EID_21011,0.19135526
EID_16869,0.26511002
EID_20564,0.20688888
EID_12996,0.23560706
EID_1503,0.25919902
EID_23053,0.16608429
EID_22049,0.2064713
EID_4346,0.19437158
EID_1887,0.18566313
EID_16849,0.15540859
EID_10071,0.20520881
EID_11265,0.17720449
EID_12611,0.1940875
EID_25542,0.13843256
EID_11582,0.20402482
EID_19550,0.19335827
EID_5351,0.1478926
EID_3305,0.22742748
EID_18846,0.2045056
EID_24764,0.17802736
EID_2191,0.1943743
EID_6314,0.14735907
EID_23248,0.11953011
EID_4570,0.16021824
EID_16415,0.21487066
EID_11002,0.25552922
EID_20498,0.16941336
EID_7846,0.21341288
EID_24121,0.23234099
EID_7536,0.14832917
EID_2015,0.17751604
EID_7934,0.23748979
EID_20903,0.15453288
EID_17535,0.19647607
EID_19760,0.14503303
EID_9550,0.17706257
EID_4261,0.22013706
EID_19753,0.19865313
EID_13542,0.14751846
EID_24283,0.09219995
EID_7552,0.1458126
EID_11577,0.17801055
EID_3228,0.21456406
EID_17468,0.16076958
EID_15815,0.16512719
EID_2093,0.13293946
EID_21356,0.25014606
EID_12357,0.21347779
EID_18495,0.17193842
EID_5098,0.17760614
EID_12691,0.19394198
EID_13240,0.21245572
EID_19312,0.21172398
EID_23914,0.15634838
EID_23175,0.15925637
EID_15413,0.16599452
EID_4785,0.15510544
EID_25933,0.1543132
EID_22705,0.20133537
EID_19350,0.21079275
EID_5369,0.20163298
EID_20410,0.15081733
EID_12557,0.21085912
EID_17678,0.16875497
EID_1342,0.1881895
EID_12230,0.35500824
EID_1311,0.21398407
EID_5860,0.18209544
EID_4259,0.1649932
EID_10209,0.1821979
EID_2300,0.22470301
EID_17408,0.16369486
EID_1883,0.18483832
EID_1053,0.20798606
EID_23610,0.15673041
EID_17585,0.17078742
EID_20845,0.18222964
EID_15683,0.16165012
EID_11976,0.24960127
EID_12031,0.162936
EID_1711,0.17932078
EID_6239,0.257777
EID_25541,0.17230365
EID_9308,0.19081634
EID_18168,0.15879425
EID_11934,0.18544021
EID_23472,0.28024969
EID_13731,0.15050331
EID_16069,0.23754418
EID_18276,0.18023562
EID_6141,0.20615384
EID_12061,0.20594388
EID_9450,0.2675888
EID_21730,0.19636089
EID_19506,0.14944577
EID_13552,0.15587422
EID_9945,0.16306278
EID_1924,0.20584685
EID_18453,0.18280053
EID_20225,0.2435871
EID_18673,0.17047244
EID_11420,0.26963663
EID_16631,0.25098425
EID_21237,0.18871072
EID_5015,0.19273353
EID_20179,0.2967723
EID_12073,0.24100783
EID_21147,0.15475863
EID_6714,0.17761278
EID_10645,0.2063204
EID_18298,0.17109391
EID_2640,0.12987152
EID_2318,0.17011604
EID_25226,0.2150873
EID_24099,0.18067935
EID_20938,0.23724592
EID_8377,0.15127346
EID_7023,0.21636051
EID_11385,0.22151595
EID_15016,0.141323
EID_25794,0.20620489
EID_11494,0.21388131
EID_2425,0.18391898
EID_9847,0.22989488
EID_3570,0.17143032
EID_13573,0.21925882
EID_13780,0.15689328
EID_2949,0.19441542
EID_19834,0.1841568
EID_11384,0.19493029
EID_23154,0.16792506
EID_9337,0.18110734
EID_3653,0.1731236
EID_4850,0.17108959
EID_16283,0.18994015
EID_5107,0.21537629
EID_25156,0.19768018
EID_17223,0.16955337
EID_14695,0.18662396
EID_11374,0.17832229
EID_13672,0.28125978
EID_6782,0.25004104
EID_25074,0.24776876
EID_21087,0.18391678
EID_13017,0.23751411
EID_9947,0.2996496
EID_21221,0.1899826
EID_21639,0.19836473
EID_20333,0.16017461
EID_2970,0.24153334
EID_7624,0.199271
EID_15741,0.17458376
EID_1312,0.15296137
EID_19575,0.19129452
EID_21047,0.20278212
EID_11969,0.23979682
EID_19145,0.22182915
EID_9871,0.15904614
EID_18852,0.16844869
EID_22326,0.21106005
EID_7259,0.15985468
EID_21920,0.27213615
EID_1436,0.20393834
EID_8261,0.1741634
EID_23228,0.25190488
EID_5560,0.17786667
EID_22357,0.198491
EID_4816,0.1615327
EID_10000,0.19152728
EID_21908,0.19285902
EID_14887,0.23685378
EID_12497,0.19575754
EID_17976,0.23377335
EID_17356,0.17365596
EID_9785,0.18182462
EID_16224,0.24232826
EID_6020,0.2330822
EID_20716,0.19562307
EID_11351,0.22361252
EID_20899,0.21342033
EID_9718,0.1525881
EID_9479,0.2002433
EID_25048,0.2919904
EID_23370,0.15891984
EID_13877,0.11886233
EID_12256,0.15134513
EID_1903,0.2237708
EID_8830,0.17829052
EID_22060,0.118036956
EID_11996,0.19056907
EID_21061,0.13828859
EID_22604,0.17752156
EID_18463,0.14315408
EID_11375,0.21329936
EID_2685,0.17909983
EID_16010,0.19951633
EID_19288,0.27324075
EID_9283,0.30775854
EID_11122,0.14229849
EID_6638,0.1854637
EID_25516,0.16465124
EID_3864,0.16914666
EID_9746,0.17338678
EID_8407,0.22874504
EID_25463,0.2042309
EID_23098,0.1813421
EID_22512,0.21331072
EID_14671,0.15517518
EID_18482,0.17411667
EID_8151,0.22815084
EID_16624,0.22381148
EID_1983,0.20389113
EID_18445,0.15429932
EID_11891,0.17786646
EID_2010,0.1911656
EID_4592,0.15932769
EID_17412,0.17832372
EID_24883,0.1881083
EID_15661,0.17261147
EID_11757,0.23711938
EID_2627,0.23538136
EID_13243,0.20437825
EID_10917,0.18139991
EID_4360,0.18865901
EID_13536,0.1993137
EID_10695,0.22448069
EID_5746,0.14236227
EID_1178,0.22418174
EID_15290,0.26143897
EID_3540,0.21010605
EID_14684,0.18491173
EID_7914,0.15273166
EID_23733,0.24431121
EID_5907,0.20934147
EID_5142,0.24058524
EID_7686,0.17798883
EID_12078,0.21448174
EID_4880,0.17573208
EID_1527,0.22078681
EID_15919,0.20699665
EID_1260,0.16129118
EID_22377,0.24310726
EID_7876,0.13730514
EID_1213,0.07969284
EID_4161,0.2233719
EID_3214,0.19109163
EID_17651,0.17763883
EID_8005,0.19066101
EID_12852,0.14496633
EID_21465,0.18526757
EID_7371,0.21619585
EID_25687,0.17872086
EID_17222,0.13160452
EID_1994,0.1872513
EID_22384,0.2332086
EID_6344,0.20962217
EID_18801,0.16537574
EID_13688,0.18300015
EID_13779,0.18657196
EID_24969,0.12976947
EID_15311,0.2527765
EID_9095,0.19585076
EID_11675,0.14766002
EID_14870,0.23320237
EID_1575,0.2615549
EID_7440,0.16892731
EID_24259,0.22502923
EID_19501,0.32246947
EID_23743,0.12129319
EID_13287,0.1936808
EID_2226,0.09372985
EID_22439,0.10245755
EID_16078,0.25547194
EID_18895,0.15074795
EID_19860,0.18418133
EID_24564,0.18005845
EID_21747,0.17346367
EID_4659,0.088861436
EID_24149,0.18698841
EID_13300,0.17787558
EID_16950,0.19462293
EID_23778,0.20290053
EID_14691,0.21232843
EID_10789,0.25061506
EID_5525,0.16911924
EID_19424,0.24065536
EID_6171,0.2598949
EID_19569,0.14418048
EID_4602,0.1701921
EID_17919,0.2510906
EID_4286,0.08754924
EID_1973,0.18894139
EID_25715,0.19527659
EID_23385,0.1810123
EID_13681,0.18038404
EID_25410,0.24753326
EID_18267,0.18972504
EID_15252,0.23000285
EID_23214,0.26052052
EID_18551,0.21734509
EID_2401,0.17970788
EID_7609,0.19751316
EID_21291,0.23533854
EID_10126,0.20134163
EID_19714,0.17554605
EID_4911,0.21292728
EID_12505,0.18324196
EID_10377,0.1759508
EID_3407,0.23536104
EID_3386,0.19287127
EID_7623,0.16420954
EID_19517,0.16886717
EID_21782,0.26493135
EID_12361,0.13118973
EID_21171,0.21731263
EID_17836,0.20545593
EID_20286,0.22305048
EID_25798,0.14388242
EID_15699,0.17982513
EID_17006,0.16382232
EID_22476,0.16158837
EID_9406,0.10903713
EID_13559,0.16629103
EID_1340,0.13834348
EID_17848,0.19113213
EID_20358,0.20835927
EID_14265,0.18371716
EID_9820,0.1752204
EID_13755,0.19544229
EID_13293,0.18777183
EID_25837,0.20603693
EID_20466,0.15342963
EID_11032,0.1916152
EID_2399,0.26576024
EID_23917,0.23145223
EID_17011,0.17298445
EID_8967,0.17027178
EID_24468,0.16990596
EID_8435,0.19595176
EID_17953,0.1607477
EID_7140,0.18248618
EID_24404,0.159527
EID_14380,0.26422185
EID_1232,0.1859839
EID_1573,0.17504936
EID_3684,0.20043486
EID_15824,0.16778004
EID_9212,0.20219609
EID_21121,0.19456202
EID_6346,0.15414777
EID_9525,0.15639433
EID_9726,0.2069644
EID_2526,0.21810931
EID_4228,0.23444885
EID_14595,0.15656576
EID_15856,0.24322438
EID_6768,0.23716047
EID_23953,0.2081511
EID_19059,0.14096758
EID_5268,0.20416218
EID_7619,0.19330862
EID_23028,0.22033572
EID_22104,0.15785724
EID_10318,0.16331089
EID_25369,0.19286025
EID_16633,0.18222335
EID_15848,0.20577592
EID_2240,0.19309872
EID_1059,0.24314827
EID_9315,0.25042716
EID_15388,0.13591129
EID_9984,0.13999975
EID_4296,0.17151251
EID_10927,0.18920797
EID_25054,0.20185325
EID_1884,0.12741172
EID_21960,0.18751514
EID_5572,0.16448918
EID_16872,0.2125783
EID_24525,0.21923614
EID_14237,0.1467717
EID_7114,0.1976068
EID_7448,0.14643952
EID_17668,0.106738836
EID_7674,0.21347237
EID_5884,0.19393575
EID_13942,0.14167199
EID_13098,0.19037077
EID_7695,0.22350037
EID_5350,0.20652807
EID_22853,0.17479444
EID_2385,0.24459702
EID_18006,0.1786792
EID_12875,0.2507208
EID_5478,0.18710616
EID_18690,0.14232096
EID_12545,0.17387545
EID_13888,0.20358998
EID_9732,0.22548929
EID_18001,0.26988912
EID_17479,0.14159629
EID_23757,0.16658199
EID_1303,0.27856085
EID_5375,0.12776503
EID_5869,0.23926541
EID_8825,0.21295813
EID_22567,0.18050954
EID_16273,0.1301263
EID_20618,0.22701505
EID_3608,0.15266824
EID_8806,0.14045733
EID_23170,0.15281296
EID_12243,0.17562899
EID_20089,0.18580353
EID_16852,0.14776284
EID_18312,0.12525576
EID_14010,0.21704987
EID_14705,0.16618961
EID_20956,0.16036168
EID_18794,0.19656697
EID_1629,0.19037461
EID_25483,0.17827246
EID_4542,0.18293044
EID_10076,0.22200263
EID_9469,0.15464166
EID_25284,0.19267043
EID_11972,0.15968466
EID_1798,0.24386075
EID_21903,0.18914539
EID_20031,0.13769114
EID_20365,0.15897614
EID_9210,0.18522489
EID_19750,0.2299166
EID_4006,0.19411105
EID_24922,0.1784248
EID_4760,0.22376126
EID_11035,0.11944258
EID_21008,0.2327553
EID_23731,0.16376257
EID_21788,0.16213694
EID_5428,0.15639344
EID_14023,0.18462718
EID_2937,0.23016196
EID_16931,0.23740053
EID_18299,0.21837947
EID_6660,0.20121595
EID_23187,0.2248384
EID_14868,0.1849339
EID_23247,0.1657336
EID_15971,0.1979354
EID_7852,0.13131738
EID_7017,0.30829597
EID_7494,0.18025911
EID_18706,0.19810277
EID_22784,0.17174551
EID_10756,0.17635259
EID_6854,0.22750822
EID_12554,0.1977529
EID_1162,0.21781641
EID_19581,0.1823825
EID_2169,0.21913597
EID_25149,0.24161744
EID_22575,0.21240631
EID_2265,0.20727766
EID_19668,0.2345517
EID_19245,0.17998004
EID_8194,0.19833645
EID_8081,0.25475383
EID_8670,0.1710439
EID_7992,0.2543991
EID_6596,0.16010067
EID_3699,0.22068289
EID_9698,0.19192371
EID_1847,0.20886311
EID_16179,0.17808023
EID_23663,0.19800091
EID_24287,0.20067224
EID_3527,0.13686901
EID_18652,0.15537485
EID_24110,0.22975859
EID_21419,0.20565936
EID_12865,0.19881982
EID_9237,0.1911793
EID_20408,0.17884123
EID_22934,0.19405648
EID_6492,0.20542541
EID_20285,0.21709579
EID_1286,0.16733658
EID_12542,0.1877025
EID_5523,0.12687421
EID_1979,0.129942
EID_23146,0.20479912
EID_4773,0.20882642
EID_8785,0.23806122
EID_4463,0.24788412
EID_24028,0.18562394
EID_20920,0.20312956
EID_21392,0.19862667
EID_4079,0.14059746
EID_5173,0.1608783
EID_22915,0.21537873
EID_18347,0.18122163
EID_7984,0.22745064
EID_25148,0.20459744
EID_4350,0.27813423
EID_6909,0.15321782
EID_10582,0.1804885
EID_6248,0.15566131
EID_10035,0.23924944
EID_24603,0.26056755
EID_1794,0.22329268
EID_9407,0.2515319
EID_2114,0.1697587
EID_21125,0.19318154
EID_15046,0.2191486
EID_8058,0.19965518
EID_1961,0.12489906
EID_23324,0.16687322
EID_21521,0.24216387
EID_11043,0.30365735
EID_6461,0.24349642
EID_10398,0.16175607
EID_20635,0.19451192
EID_22940,0.22734907
EID_8582,0.18052158
EID_12770,0.14930543
EID_15982,0.20458591
EID_19692,0.21341646
EID_18304,0.3118927
EID_13603,0.18747807
EID_6145,0.21553653
EID_16587,0.13840166
EID_16835,0.27793092
EID_8399,0.22828203
EID_7012,0.2515725
EID_20575,0.18657252
EID_20747,0.19849685
EID_3907,0.20308578
EID_22626,0.24114963
EID_4442,0.19514585
EID_18034,0.19790116
EID_16055,0.18988448
EID_21684,0.10173866
EID_17499,0.19445524
EID_1222,0.14089912
EID_17204,0.15673208
EID_22732,0.20919609
EID_8539,0.21999669
EID_23136,0.19424185
EID_24470,0.2584384
EID_17404,0.16373298
EID_21498,0.17249724
EID_19495,0.20444813
EID_23966,0.13882545
EID_1388,0.1679466
EID_7374,0.18210801
EID_25441,0.2045731
EID_16616,0.24259341
EID_7654,0.22835559
EID_4217,0.16490695
EID_9968,0.17702636
EID_17830,0.11408347
EID_12023,0.19775179
EID_24002,0.13626996
EID_11371,0.16909161
EID_11096,0.10337666
EID_24835,0.25723696
EID_17439,0.14650494
EID_6587,0.22640774
EID_21946,0.20184699
EID_5431,0.15976745
EID_4723,0.1865544
EID_11535,0.23425731
EID_2330,0.16001499
EID_23531,0.23160937
EID_8913,0.21298507
EID_21273,0.19298801
EID_11927,0.14413172
EID_1385,0.18025813
EID_15758,0.18812072
EID_1023,0.16843224
EID_8959,0.20352927
EID_12911,0.2031653
EID_15925,0.12682644
EID_17769,0.20792076
EID_19842,0.19517952
EID_15875,0.18517384
EID_21284,0.17798144
EID_24825,0.18246344
EID_23825,0.16190767
EID_13001,0.21470493
EID_25601,0.1725553
EID_24670,0.18791193
EID_24412,0.17351046
EID_18712,0.19157803
EID_21138,0.24390367
EID_19335,0.1928457
EID_16753,0.19437796
EID_24399,0.26162308
EID_12567,0.18714073
EID_22161,0.18307069
EID_12609,0.2539866
EID_22249,0.19940841
EID_5314,0.22318396
EID_1897,0.20182168
EID_22507,0.21330705
EID_2878,0.17909682
EID_10098,0.1965279
EID_18435,0.23671266
EID_8063,0.22438091
EID_3512,0.17817321
EID_24444,0.2324456
EID_9813,0.1941832
EID_25132,0.1963214
EID_5613,0.16075706
EID_14062,0.16434225
EID_20073,0.17834505
EID_12506,0.105571866
EID_1092,0.2694565
EID_15895,0.15620601
EID_1039,0.17026374
EID_22016,0.2729078
EID_6764,0.22299486
EID_17384,0.2123977
EID_8705,0.20861682
EID_14832,0.17227733
EID_16473,0.1794829
EID_11186,0.14982456
EID_7476,0.20104831
EID_19671,0.18346742
EID_14001,0.14471927
EID_10658,0.1849424
EID_6668,0.22889927
EID_13786,0.21022439
EID_11224,0.20896041
EID_13296,0.19734734
EID_22145,0.1622869
EID_6494,0.1454354
EID_1649,0.20931423
EID_20878,0.197842
EID_3790,0.16905478
EID_9257,0.26094693
EID_14917,0.11200169
EID_22052,0.19351879
EID_1198,0.1505003
EID_8478,0.20678443
EID_2071,0.23695675
EID_1250,0.17291126
EID_9000,0.11462411
EID_17319,0.22101569
EID_21794,0.23322335
EID_23350,0.24086544
EID_16278,0.1279392
EID_3330,0.16697371
EID_12584,0.17848256
EID_9354,0.29628682
EID_15007,0.19679609
EID_11656,0.18401924
EID_22526,0.15490955
EID_11027,0.19906834
EID_21588,0.16676673
EID_13717,0.1277242
EID_8073,0.27439007
EID_15972,0.20771584
EID_5730,0.21368363
EID_23968,0.19053125
EID_4299,0.18490201
EID_6302,0.2384134
EID_6974,0.084707886
EID_4829,0.22598931
EID_21139,0.2179018
EID_23456,0.1532349
EID_20110,0.16778773
EID_20342,0.1341227
EID_15238,0.17280746
EID_10349,0.18952718
EID_10077,0.19936395
EID_22330,0.21820688
EID_4368,0.18816173
EID_8859,0.19031784
EID_24277,0.20663875
EID_1061,0.22375447
EID_5597,0.15458578
EID_4820,0.19105926
EID_5863,0.24767834
EID_23680,0.17740631
EID_5542,0.100943714
EID_6203,0.18336695
EID_5355,0.20713857
EID_19669,0.26472253
EID_21725,0.21626031
EID_2138,0.14410585
EID_24278,0.14764744
EID_6591,0.2141487
EID_21056,0.16215983
EID_18759,0.21435061
EID_12059,0.19098002
EID_11077,0.21871671
EID_17216,0.3338177
EID_15655,0.1543867
EID_19017,0.15006965
EID_17846,0.1857023
EID_6418,0.16714066
EID_25942,0.23547867
EID_5420,0.21676084
EID_11764,0.17934114
EID_16483,0.247908
EID_1901,0.16906655
EID_21480,0.19632131
EID_8006,0.27979192
EID_1282,0.1946891
EID_6895,0.18263265
EID_13677,0.2030521
EID_6071,0.1683985
EID_14425,0.1586676
EID_22685,0.16019204
EID_20203,0.17899758
EID_19161,0.15759087
EID_1947,0.17604762
EID_16574,0.1640589
EID_2561,0.17608029
EID_20668,0.2017465
EID_7831,0.19976786
EID_8769,0.11872569
EID_25191,0.20703155
EID_15590,0.19241136
EID_12458,0.17090425
EID_11406,0.17528519
EID_17629,0.14932731
EID_4632,0.17948022
EID_18455,0.12065157
EID_23077,0.16788086
EID_25024,0.14841774
EID_6269,0.19504166
EID_12100,0.1993582
EID_23190,0.16799244
EID_9030,0.19450456
EID_12359,0.18744138
EID_12041,0.17375061
EID_2019,0.16924763
EID_22974,0.13827056
EID_10351,0.1955058
EID_23630,0.21141872
EID_7309,0.1942032
EID_19821,0.19594684
EID_4033,0.16364107
EID_3435,0.19620198
EID_5759,0.16322845
EID_12826,0.21656749
EID_8148,0.22971818
EID_16088,0.11641809
EID_15783,0.20491141
EID_19521,0.27984846
EID_13016,0.1704092
EID_13708,0.21977213
EID_4237,0.23216465
EID_3620,0.15149537
EID_10042,0.19616455
EID_8833,0.14188844
EID_21028,0.16927475
EID_3485,0.18334231
EID_23372,0.1804463
EID_19410,0.16855142
EID_6598,0.17210674
EID_25371,0.20119673
EID_19483,0.18738565
EID_22826,0.18243495
EID_23606,0.21780321
EID_9346,0.24385652
EID_1608,0.19732165
EID_1603,0.20130011
EID_23041,0.19006574
EID_7801,0.16013595
EID_22456,0.2116341
EID_24428,0.20691389
EID_10811,0.19900373
EID_24566,0.20883572
EID_2531,0.16730016
EID_10878,0.19743463
EID_19548,0.25181535
EID_11988,0.16295865
EID_11378,0.1881842
EID_9896,0.20518214
EID_17323,0.19382519
EID_24976,0.22657397
EID_11249,0.16233993
EID_20395,0.22289696
EID_18262,0.083097786
EID_14670,0.17596942
EID_12880,0.16622254
EID_1406,0.23100764
EID_23014,0.22254163
EID_5224,0.17924398
EID_3232,0.15914622
EID_22327,0.20940015
EID_2285,0.13233808
EID_20468,0.192718
EID_4443,0.19054574
EID_15641,0.18176854
EID_8106,0.17734241
EID_13958,0.19904849
EID_10214,0.18835175
EID_17739,0.16667295
EID_13347,0.16752008
EID_23453,0.15800503
EID_1477,0.18235761
EID_20224,0.15104318
EID_2362,0.17540911
EID_21421,0.20102376
EID_7860,0.22873282
EID_10286,0.1987097
EID_7184,0.19567367
EID_21742,0.19087991
EID_21610,0.17986497
EID_19375,0.25930664
EID_18564,0.26288217
EID_19108,0.22903201
EID_17928,0.20187125
EID_25613,0.20545149
EID_23787,0.20397112
EID_2392,0.28010795
EID_7574,0.23412728
EID_9810,0.22452891
EID_14332,0.16920516
EID_20937,0.15696105
EID_7827,0.20025009
EID_7457,0.17213237
EID_11152,0.20022932
EID_12917,0.14144465
EID_18590,0.25562418
EID_15327,0.20823845
EID_11687,0.21406558
EID_5179,0.17926645
EID_5623,0.21969628
EID_25331,0.20129931
EID_24386,0.14191067
EID_6507,0.21083581
EID_7842,0.17848065
EID_12018,0.17812866
EID_6640,0.21724555
EID_9872,0.19363412
EID_2331,0.21304604
EID_19685,0.16633335
EID_25701,0.2245849
EID_25681,0.19559437
EID_20151,0.22057071
EID_8980,0.22188085
EID_12719,0.18304604
EID_20075,0.2057639
EID_14984,0.21553296
EID_8177,0.24291146
EID_1360,0.22475594
EID_24812,0.19240198
EID_8480,0.17604852
EID_14567,0.20977503
EID_16194,0.20404679
EID_10020,0.2430161
EID_7321,0.24883002
EID_15387,0.19204521
EID_19419,0.13906032
EID_20496,0.22276425
EID_1308,0.16856742
EID_14770,0.13783255
EID_21893,0.24606594
EID_10990,0.15885875
EID_17521,0.1979211
EID_15274,0.2324447
EID_24001,0.232957
EID_4111,0.17396232
EID_4284,0.12581107
EID_19682,0.12797993
EID_14871,0.18232945
EID_18152,0.18500078
EID_12520,0.24019426
EID_4739,0.18645582
EID_8424,0.16937649
EID_23600,0.18333742
EID_25891,0.2242423
EID_11618,0.21771574
EID_12674,0.16940889
EID_5999,0.17430189
EID_18063,0.093131006
EID_14859,0.17374918
EID_20353,0.24669144
EID_22962,0.2041327
EID_19650,0.1941095
EID_6108,0.15735406
EID_19012,0.23064297
EID_22925,0.19938451
EID_15619,0.1665546
EID_19998,0.16373715
EID_20052,0.1963895
EID_25044,0.17955193
EID_5422,0.17833576
EID_15354,0.24403676
EID_3804,0.13616213
EID_23277,0.2493766
EID_12336,0.18141451
EID_24839,0.13419822
EID_1651,0.2004087
EID_24355,0.16728935
EID_24276,0.1462214
EID_10346,0.13449895
EID_9579,0.13334
EID_23242,0.13008851
EID_23541,0.1751844
EID_14741,0.14531943
EID_7783,0.18557292
EID_12569,0.18260807
EID_3834,0.14635101
EID_6799,0.23900777
EID_15609,0.14174259
EID_5496,0.17633837
EID_5080,0.1692856
EID_14834,0.28076977
EID_18266,0.20390165
EID_1182,0.12417555
EID_6445,0.16414532
EID_18656,0.23892656
EID_24011,0.17915472
EID_25093,0.21937442
EID_11334,0.11908594
EID_15785,0.14379781
EID_8060,0.23322725
EID_4349,0.13620591
EID_22525,0.22112781
EID_1231,0.21816143
EID_2127,0.16075563
EID_4047,0.26005697
EID_12989,0.1857101
EID_17726,0.20497164
EID_1602,0.077605456
EID_5945,0.14933571
EID_15166,0.23469093
EID_25317,0.20845473
EID_18848,0.15768775
EID_14455,0.21967211
EID_9724,0.22078261
EID_22697,0.15058991
EID_16505,0.17534757
EID_11616,0.19131714
EID_10352,0.14418143
EID_24093,0.17925072
EID_11826,0.24585125
EID_24211,0.22314718
EID_14709,0.17767292
EID_18747,0.19244656
EID_16077,0.24013501
EID_15440,0.13552758
EID_4935,0.237665
EID_13791,0.17145029
EID_16876,0.18631092
EID_1335,0.16759765
EID_19086,0.16773933
EID_12872,0.2198641
EID_11623,0.18355218
EID_7807,0.22060305
EID_9605,0.21686527
EID_12736,0.24660632
EID_20565,0.1413554
EID_17225,0.16791642
EID_19974,0.16805145
EID_16045,0.16696152
EID_2082,0.23823345
EID_22219,0.1891469
EID_19439,0.1451186
EID_2979,0.17487118
EID_24414,0.16598657
EID_15148,0.18719175
EID_10690,0.26190484
EID_16346,0.17789263
EID_22752,0.18262947
EID_21746,0.22778091
EID_1705,0.20517528
EID_7498,0.25114626
EID_6874,0.17703518
EID_4543,0.1333732
EID_8931,0.171368
EID_16435,0.26517552
EID_16767,0.13274258
EID_3058,0.1878399
EID_16381,0.21791911
EID_17190,0.18615511
EID_7079,0.14161578
EID_10191,0.24979892
EID_1378,0.17501539
EID_20222,0.24653071
EID_6156,0.13470554
EID_5975,0.22554442
EID_18682,0.20852166
EID_8837,0.12619963
EID_24686,0.19098726
EID_9869,0.22847536
EID_14673,0.18796667
EID_14443,0.15818411
EID_21591,0.19440126
EID_25240,0.15031144
EID_18365,0.18356842
EID_9260,0.17017668
EID_10696,0.20114776
EID_18012,0.16091609
EID_17421,0.24244645
EID_23615,0.22600508
EID_14132,0.212374
EID_13168,0.18981746
EID_16973,0.14561966
EID_13426,0.17650849
EID_1493,0.15655527
EID_3994,0.18335196
EID_10574,0.1402039
EID_12394,0.17459282
EID_4781,0.23156416
EID_24911,0.2145077
EID_3205,0.1566028
EID_25568,0.17276722
EID_4343,0.18641645
EID_4330,0.17776173
EID_12518,0.27411985
EID_18426,0.19876325
EID_3862,0.14851767
EID_13478,0.16011986
EID_5607,0.1458219
EID_22353,0.16341564
EID_18346,0.13826612
EID_5978,0.24239656
EID_3391,0.15130153
EID_8525,0.22650829
EID_5245,0.18401423
EID_11791,0.18601751
EID_22913,0.18958718
EID_15587,0.16802332
EID_4851,0.16804776
EID_3432,0.16096947
EID_13090,0.16337594
EID_15117,0.2012828
EID_22004,0.16455978
EID_16053,0.20195127
EID_16458,0.17999259
EID_8021,0.18956801
EID_24385,0.2134315
EID_7053,0.23190254
EID_13544,0.16253915
EID_9014,0.1473982
EID_9246,0.19816887
EID_15642,0.1681445
EID_12295,0.22463796
EID_7925,0.18342677
EID_18473,0.1870364
EID_19427,0.16354167
EID_17027,0.115489095
EID_22093,0.18030861
EID_25611,0.1972053
EID_20490,0.26405632
EID_4204,0.2571013
EID_2604,0.19587159
EID_16152,0.21487871
EID_8563,0.24388254
EID_18620,0.17540547
EID_11012,0.18257451
EID_19598,0.18324238
EID_13159,0.163198
EID_13171,0.14211425
EID_8374,0.17956027
EID_9838,0.20108324
EID_18489,0.17311707
EID_17451,0.17839304
EID_7269,0.18577716
EID_20548,0.14983234
EID_9466,0.15704519
EID_16085,0.16455504
EID_24082,0.29335704
EID_5078,0.1555087
EID_23951,0.18134668
EID_8327,0.14091432
EID_5904,0.2251918
EID_11085,0.19212782
EID_21437,0.13199714
EID_7471,0.17092225
EID_12046,0.18394369
EID_18653,0.19135267
EID_14175,0.25637758
EID_5514,0.16300061
EID_20148,0.1584774
EID_14260,0.18818572
EID_15574,0.23863676
EID_7287,0.19952506
EID_18889,0.27265954
EID_13106,0.18790895
EID_15448,0.15126091
EID_25897,0.19774932
EID_23758,0.22173035
EID_23208,0.14321223
EID_13646,0.17879674
EID_5467,0.15692079
EID_6022,0.18463242
EID_10923,0.21050546
EID_10408,0.2597146
EID_4186,0.17948523
EID_22022,0.17369804
EID_16390,0.21958214
EID_19493,0.1629113
EID_12519,0.1906485
EID_23549,0.2175301
EID_17612,0.21563289
EID_25007,0.20159328
EID_1949,0.25180018
EID_23313,0.1943281
EID_22516,0.18605566
EID_21836,0.21677142
EID_7268,0.27112728
EID_8202,0.16613367
EID_6613,0.12569281
EID_2596,0.35460016
EID_19849,0.18688893
EID_11546,0.2248818
EID_3942,0.16535881
EID_7899,0.1862706
EID_4802,0.1819846
EID_6725,0.13872162
EID_3835,0.18103176
EID_9511,0.18364578
EID_5757,0.1436097
EID_24838,0.15430042
EID_15225,0.189702
EID_8238,0.20605734
EID_2826,0.19962117
EID_20774,0.16850787
EID_19311,0.19138199
EID_12339,0.22597826
EID_1583,0.19288883
EID_1033,0.15148038
EID_10764,0.18525767
EID_17203,0.15978068
EID_1345,0.19743559
EID_4951,0.15701464
EID_16956,0.24210587
EID_9203,0.18652594
EID_7021,0.21439093
EID_8707,0.24761716
EID_5209,0.2104401
EID_20428,0.20470443
EID_10913,0.23928785
EID_11507,0.20059276
EID_3693,0.2109333
EID_22857,0.19154805
EID_18744,0.13902405
EID_19600,0.22237283
EID_21336,0.1710096
EID_17676,0.19651249
EID_1678,0.1792292
EID_4889,0.15018734
EID_9961,0.19335335
EID_23386,0.24831244
EID_19835,0.17927688
EID_9519,0.22010714
EID_5449,0.18902573
EID_20640,0.17870378
EID_16387,0.18837991
EID_20293,0.20290625
EID_2296,0.1875804
EID_11827,0.16438374
EID_21522,0.23194593
EID_2767,0.17575747
EID_2873,0.14353737
EID_2603,0.21140838
EID_2674,0.15508538
EID_23682,0.18831381
EID_13310,0.20410177
EID_6523,0.17021355
EID_13056,0.21546906
EID_7244,0.30680358
EID_1072,0.19373086
EID_25833,0.12203401
EID_11244,0.17818066
EID_22918,0.2649132
EID_16735,0.25396824
EID_4201,0.20481151
EID_5998,0.23918974
EID_19254,0.14878196
EID_16653,0.21748224
EID_11729,0.18839568
EID_19573,0.20609051
EID_21463,0.19963834
EID_5899,0.16200933
EID_23613,0.1562447
EID_8609,0.2420795
EID_2660,0.07845244
EID_1333,0.2076701
EID_3212,0.25069863
EID_7830,0.22556543
EID_4372,0.20179212
EID_15955,0.20438954
EID_22059,0.1915906
EID_22804,0.18202144
EID_4700,0.19686517
EID_14401,0.27084464
EID_19971,0.24339446
EID_10684,0.13048705
EID_21512,0.16623196
EID_16722,0.18004403
EID_16012,0.1556333
EID_19093,0.19950488
EID_25636,0.16216874
EID_10567,0.2118693
EID_11601,0.2093735
EID_25697,0.19327414
EID_22131,0.19551206
EID_8511,0.158676
EID_18114,0.23383835
EID_12784,0.18795055
EID_12820,0.22546539
EID_4512,0.14775684
EID_5837,0.16993329
EID_12564,0.20443305
EID_16737,0.13651237
EID_25986,0.20680806
EID_8729,0.17841122
EID_4386,0.15725794
EID_5223,0.20100945
EID_1494,0.23349851
EID_22699,0.19249684
EID_1083,0.19769266
EID_1329,0.15179786
EID_3550,0.1575782
EID_18845,0.20882162
EID_17946,0.23260126
EID_1712,0.09754807
EID_12024,0.19447961
EID_2974,0.18934816
EID_12806,0.19105104
EID_10396,0.17985162
EID_3998,0.15566981
EID_22451,0.19779313
EID_12242,0.18439859
EID_18599,0.124424785
EID_9423,0.17519179
EID_25347,0.14219487
EID_20183,0.1980116
EID_18079,0.22658691
EID_10059,0.2585562
EID_1322,0.13076365
EID_18109,0.14429739
EID_7325,0.20154178
EID_6000,0.22772571
EID_10760,0.1577661
EID_24380,0.20598239
EID_7070,0.21142814
EID_2796,0.17093569
EID_18860,0.18110564
EID_13597,0.18601522
EID_6858,0.17508587
EID_14987,0.18620276
EID_8902,0.23266634
EID_9453,0.2311815
EID_20605,0.22836864
EID_16020,0.20961264
EID_6335,0.14706796
EID_1317,0.17755067
EID_5575,0.16763332
EID_17433,0.2631462
EID_6238,0.18658194
EID_10734,0.18802539
EID_7661,0.17496869
EID_9281,0.14053974
EID_19259,0.20432031
EID_9544,0.2087169
EID_2572,0.22248754
EID_12706,0.20044282
EID_20500,0.17428178
EID_19258,0.24151313
EID_15915,0.19535238
EID_25265,0.21502802
EID_16567,0.2521661
EID_19553,0.18155217
EID_25403,0.17375696
EID_10354,0.17330694
EID_19522,0.16015205
EID_20132,0.17068335
EID_3363,0.1774734
EID_15253,0.18960479
EID_8368,0.14584339
EID_3883,0.1680395
EID_7323,0.13072598
EID_16203,0.21811709
EID_9080,0.22520164
EID_12266,0.18928242
EID_13777,0.15171194
EID_24876,0.17105073
EID_11961,0.33236018
EID_25871,0.17753503
EID_3563,0.24131912
EID_3377,0.1548152
EID_19924,0.14915028
EID_4070,0.1805217
EID_7727,0.17078021
EID_2253,0.19611043
EID_5056,0.1980719
EID_16751,0.16719607
EID_2105,0.26366645
EID_14078,0.13636771
EID_18779,0.17419517
EID_2218,0.15466961
EID_6130,0.19694313
EID_21722,0.19603369
EID_17748,0.18378645
EID_21322,0.20045197
EID_6016,0.14553389
EID_20480,0.19618809
EID_18843,0.17014366
EID_7336,0.24160478
EID_4455,0.19436657
EID_15206,0.21271005
EID_15582,0.1932137
EID_22381,0.13861313
EID_22606,0.24089643
EID_12159,0.18824393
EID_10027,0.19236323
EID_4107,0.11365917
EID_18932,0.15644664
EID_1321,0.201451
EID_7759,0.17287621
EID_21961,0.17654118
EID_15289,0.23457459
EID_23069,0.22104955
EID_17187,0.23835814
EID_25372,0.14785907
EID_9787,0.230587
EID_9797,0.1353494
EID_10831,0.20523047
EID_24620,0.1945486
EID_8715,0.25953615
EID_13459,0.1532489
EID_14031,0.22072038
EID_14541,0.23198098
EID_12395,0.15878364
EID_7150,0.22228262
EID_14422,0.19935066
EID_19060,0.211357
EID_9338,0.18942529
EID_21042,0.13639778
EID_8011,0.1744003
EID_8102,0.15589988
EID_11068,0.14670762
EID_15461,0.15205306
EID_18509,0.21364301
EID_5796,0.15683332
EID_19905,0.21707174
EID_21609,0.14387816
EID_14873,0.25469345
EID_8033,0.18993294
EID_21354,0.2854602
EID_16377,0.2025612
EID_10566,0.21927634
EID_4791,0.18866065
EID_20944,0.15972465
EID_24913,0.19296548
EID_3868,0.14828327
EID_10611,0.19931939
EID_21702,0.25807035
EID_9472,0.13156953
EID_10746,0.1948821
EID_17717,0.24236861
EID_18535,0.17438188
EID_23706,0.13760456
EID_7039,0.18743554
EID_23797,0.16853082
EID_1574,0.19387504
EID_5931,0.16366643
EID_6468,0.22533655
EID_15805,0.2333628
EID_2988,0.24588859
EID_21966,0.19898203
EID_16571,0.1916635
EID_10082,0.15182585
EID_8359,0.16966504
EID_3200,0.25803852
EID_2206,0.21669558
EID_14234,0.21205929
EID_12498,0.16760021
EID_12009,0.20968664
EID_12486,0.19325727
EID_2679,0.147692
EID_25329,0.15715224
EID_18268,0.1868675
EID_18253,0.18265784
EID_11915,0.20664799
EID_2503,0.21427596
EID_22110,0.22955832
EID_9344,0.22655916
EID_17568,0.1855543
EID_1445,0.18930164
EID_12971,0.16426718
EID_14129,0.16042367
EID_22888,0.1951592
EID_17510,0.18747643
EID_11722,0.19094533
EID_18542,0.14390662
EID_13158,0.20219818
EID_2810,0.17077166
EID_16559,0.19073367
EID_1124,0.27293324
EID_2137,0.2184312
EID_13145,0.22456703
EID_14181,0.24030572
EID_24695,0.19097692
EID_21367,0.20213574
EID_13213,0.19362074
EID_15852,0.14859527
EID_9531,0.18644994
EID_6197,0.1347504
EID_20012,0.19527477
EID_10381,0.28376037
EID_9136,0.19978154
EID_12063,0.23668393
EID_22318,0.17466074
EID_24047,0.19882962
EID_5834,0.21033138
EID_4763,0.16589269
EID_24096,0.20252687
EID_13825,0.19028515
EID_14326,0.20734796
EID_10111,0.122011274
EID_23362,0.15272287
EID_8682,0.2045699
EID_18727,0.14657837
EID_20725,0.23676941
EID_15976,0.13231653
EID_17626,0.18299478
EID_13302,0.17276573
EID_11333,0.20366517
EID_12305,0.15662289
EID_4987,0.16511178
EID_12132,0.2190206
EID_14163,0.20822665
EID_15666,0.14776725
EID_19257,0.17339581
EID_1591,0.15720505
EID_5610,0.23719147
EID_4835,0.22349575
EID_5060,0.2311762
EID_15897,0.16841716
EID_9771,0.19885647
EID_11486,0.1803194
EID_14583,0.1911188
EID_17832,0.16432697
EID_6876,0.20486334
EID_18560,0.22161785
EID_1091,0.20015585
EID_3837,0.25063774
EID_8508,0.18667388
EID_23640,0.20949006
EID_13280,0.22475165
EID_3352,0.1873481
EID_13404,0.21976143
EID_23565,0.20199049
EID_24526,0.1828424
EID_9254,0.24556583
EID_8916,0.19172001
EID_15227,0.19310358
EID_11672,0.22246236
EID_8926,0.1708278
EID_25125,0.2440983
EID_3170,0.18258709
EID_24612,0.18741137
EID_23932,0.20388222
EID_11554,0.16203094
EID_19854,0.17340818
EID_16362,0.24495459
EID_13195,0.20427036
EID_25559,0.24339911
EID_18526,0.2447328
EID_23226,0.18677253
EID_5873,0.24962202
EID_11286,0.20258346
EID_7573,0.20657662
EID_11669,0.21851602
EID_12639,0.21256706
EID_12309,0.2222561
EID_17566,0.21520132
EID_3644,0.1514326
EID_9921,0.1943857
EID_14703,0.12935036
EID_19366,0.23043564
EID_12449,0.18310863
EID_24591,0.15199685
EID_4698,0.14313012
EID_17657,0.15674514
EID_24446,0.21882331
EID_18528,0.2442685
EID_8868,0.18721399
EID_5820,0.14449722
EID_24215,0.18250865
EID_19176,0.22658572
EID_6578,0.1775266
EID_9672,0.17848158
EID_10702,0.21914944
EID_4741,0.18931484
EID_24067,0.19993755
EID_2416,0.15901858
EID_12089,0.16201058
EID_8392,0.19638544
EID_16766,0.22908643
EID_23137,0.27743506
EID_24704,0.15786994
EID_13184,0.16844586
EID_21642,0.19746333
EID_8050,0.19745135
EID_20432,0.17581591
EID_14456,0.20281178
EID_7769,0.16999978
EID_14077,0.20967844
EID_17805,0.18659455
EID_14927,0.20437804
EID_7995,0.21560612
EID_2297,0.20448226
EID_7960,0.18908799
EID_9481,0.11778644
EID_2781,0.18860027
EID_25571,0.17744249
EID_12462,0.25967538
EID_17761,0.19068828
EID_22310,0.19285586
EID_15161,0.24423751
EID_3361,0.15050206
EID_2166,0.15291983
EID_1515,0.20783919
EID_13787,0.17790648
EID_23496,0.14573473
EID_7820,0.20933285
EID_14433,0.16833913
EID_9405,0.21043873
EID_4195,0.18980408
EID_24190,0.16015151
EID_20400,0.22120506
EID_16111,0.14824429
EID_5502,0.23304087
EID_17381,0.1703825
EID_22435,0.1604872
EID_3060,0.19360313
EID_19197,0.17909402
EID_13311,0.20114392
EID_14282,0.20180294
EID_5849,0.16593546
EID_19845,0.15098444
EID_6965,0.16504034
EID_5048,0.19731954
EID_13766,0.12146163
EID_22269,0.18030548
EID_4363,0.16294554
EID_12215,0.19446653
EID_14479,0.15392658
EID_7348,0.23686382
EID_25664,0.19341463
EID_4940,0.27426463
EID_6877,0.13993087
EID_8337,0.19287676
EID_1775,0.16529995
EID_13938,0.17451951
EID_12735,0.16654721
EID_16138,0.20470119
EID_18586,0.24910247
EID_16650,0.15529367
EID_18259,0.15533718
EID_19144,0.2016443
EID_4483,0.16995478
EID_10929,0.19086018
EID_19882,0.23354587
EID_3779,0.29858404
EID_18678,0.1409122
EID_7168,0.15787554
EID_23279,0.09722674
EID_17008,0.17205727
EID_2795,0.22008324
EID_1833,0.2208578
EID_21026,0.15071836
EID_20322,0.17735192
EID_10026,0.19696182
EID_7742,0.22346207
EID_21792,0.19190234
EID_14341,0.12227827
EID_24634,0.22116566
EID_3379,0.18251047
EID_20627,0.24464765
EID_8572,0.17178991
EID_15104,0.12336701
EID_12426,0.16004744
EID_17588,0.3126102
EID_20961,0.17229658
EID_23260,0.23193872
EID_7213,0.17035082
EID_11851,0.14195976
EID_5696,0.24638498
EID_23011,0.18139869
EID_2035,0.19799611
EID_22461,0.1834557
EID_23215,0.22766244
EID_6913,0.17110473
EID_5739,0.18648031
EID_19814,0.18474987
EID_20320,0.1756286
EID_2043,0.1244171
EID_21992,0.18004262
EID_9324,0.20582494
EID_3863,0.1967673
EID_7513,0.18538946
EID_11120,0.24089068
EID_6548,0.18123662
EID_23957,0.19004598
EID_11408,0.22084212
EID_24638,0.16358522
EID_3908,0.21896458
EID_17023,0.20257229
EID_10902,0.1559793
EID_3543,0.20604062
EID_3633,0.12640452
EID_3394,0.20517132
EID_8619,0.27714127
EID_13424,0.25325477
EID_15405,0.16201818
EID_21727,0.22578445
EID_18916,0.17216265
EID_3335,0.2052949
EID_2811,0.19508386
EID_8620,0.14109859
EID_3249,0.16476387
EID_22140,0.2299371
EID_18934,0.20448115
EID_24271,0.17530638
EID_2164,0.19931343
EID_22961,0.1588521
EID_25318,0.19312087
EID_23064,0.20385695
EID_1056,0.29056323
EID_4389,0.1616193
EID_6949,0.2150417
EID_16133,0.19609827
EID_8023,0.27392966
EID_19426,0.17065242
EID_12895,0.14081433
EID_17667,0.18711635
EID_14826,0.18828705
EID_8807,0.12897056
EID_13977,0.20042962
EID_11167,0.17847049
EID_22535,0.19176278
EID_5357,0.20546532
EID_1450,0.21365678
EID_24647,0.19356251
EID_1516,0.27942002
EID_10122,0.17070735
EID_2423,0.20258525
EID_4276,0.1811699
EID_10610,0.21245563
EID_5840,0.18554103
EID_19117,0.23037398
EID_1753,0.27397782
EID_11679,0.21933201
EID_12425,0.17459244
EID_21118,0.15399134
EID_1348,0.1975067
EID_3143,0.21168053
EID_12153,0.16504416
EID_22834,0.19832942
EID_14978,0.23573297
EID_23361,0.21883172
EID_5207,0.08726063
EID_8395,0.21509865
EID_2440,0.16547361
EID_14196,0.18447465
EID_16684,0.2134628
EID_22520,0.16117898
EID_14689,0.21822593
EID_22890,0.17938936
EID_18695,0.22470719
EID_1275,0.16753748
EID_6033,0.14663777
EID_25616,0.21936068
EID_6190,0.20159405
EID_2964,0.15511963
EID_24869,0.16928083
EID_3319,0.16168931
EID_15857,0.22795579
EID_4615,0.21358848
EID_23926,0.19857433
EID_15506,0.15823507
EID_4168,0.24402654
EID_23593,0.30931622
EID_3108,0.1654424
EID_22846,0.32080293
EID_12618,0.14521241
EID_20341,0.23244646
EID_15441,0.28437585
EID_20278,0.18820089
EID_19511,0.18960035
EID_7832,0.14698556
EID_7775,0.18435454
EID_9409,0.19118512
EID_11483,0.19729224
EID_6657,0.19998756
EID_10338,0.19935456
EID_7683,0.14452073
EID_11854,0.222686
EID_17102,0.19753447
EID_9882,0.21617007
EID_19326,0.30028573
EID_1670,0.18030828
EID_17455,0.17429188
EID_24867,0.17842934
EID_22972,0.12017912
EID_4679,0.19985563
EID_7172,0.21758676
EID_7401,0.18897775
EID_13199,0.26872826
EID_12244,0.20917952
EID_12771,0.18631884
EID_7230,0.21640971
EID_19736,0.24516645
EID_2755,0.20676002
EID_19126,0.26142004
EID_20949,0.18503374
EID_4573,0.14975828
EID_23671,0.1672129
EID_11580,0.18902624
EID_15600,0.14233288
EID_17577,0.12925735
EID_6773,0.17482942
EID_9565,0.16387415
EID_13401,0.19947547
EID_17438,0.17460859
EID_7604,0.16042802
EID_1215,0.20170683
EID_24765,0.18241155
EID_2084,0.17004925
EID_17898,0.22618866
EID_9752,0.21463862
EID_19867,0.2577532
EID_5430,0.11076459
EID_22617,0.16562134
EID_23590,0.2753205
EID_11131,0.1540485
EID_1623,0.1353656
EID_25390,0.21062031
EID_23316,0.19028738
EID_11595,0.20365062
EID_10827,0.16563532
EID_14787,0.20970204
EID_18290,0.19792265
EID_17889,0.2349678
EID_7936,0.1750187
EID_12044,0.17166063
EID_8205,0.19917136
EID_22950,0.18080139
EID_4965,0.191556
EID_24073,0.23395729
EID_4946,0.2355141
EID_14618,0.14759776
EID_17692,0.15908593
EID_23220,0.2066266
EID_24364,0.17692208
EID_20216,0.11539245
EID_24865,0.23488182
EID_11009,0.18884858
EID_6889,0.2048862
EID_10375,0.19468176
EID_11917,0.24590355
EID_25323,0.18478295
EID_21841,0.20851621
EID_25278,0.19527641
EID_17857,0.17745173
EID_2991,0.24998736
EID_23822,0.15368178
EID_12098,0.1421622
EID_14665,0.17602763
EID_25373,0.17564192
EID_22143,0.16587839
EID_4000,0.16166165
EID_2951,0.123636484
EID_8610,0.13259533
EID_6998,0.20148298
EID_21972,0.19667801
EID_3582,0.1690323
EID_18220,0.16108438
EID_12381,0.14666995
EID_15689,0.21662167
EID_12239,0.20037776
EID_3987,0.2336553
EID_20164,0.208536
EID_1654,0.22408423
EID_25583,0.16870022
EID_22736,0.24048114
EID_22169,0.20795986
EID_9495,0.2576021
EID_2465,0.2796507
EID_1659,0.15394974
EID_4509,0.19548965
EID_15264,0.14337793
EID_9494,0.22847888
EID_23657,0.16431561
EID_10376,0.22242141
EID_25277,0.20978889
EID_15121,0.17145672
EID_14760,0.2246246
EID_9160,0.21538466
EID_18574,0.1510809
EID_2977,0.15777233
EID_4745,0.19696134
EID_6762,0.22213897
EID_2682,0.15984991
EID_19172,0.29382366
EID_1013,0.21377656
EID_1242,0.28704992
EID_10336,0.15993428
EID_11247,0.1759235
EID_4631,0.23546949
EID_21660,0.1580573
EID_6752,0.16357389
EID_14409,0.15170574
EID_21720,0.22474796
EID_14495,0.20927846
EID_15348,0.21708411
EID_9610,0.16605216
EID_10629,0.22631392
EID_10182,0.23054877
EID_10598,0.18558592
EID_11065,0.29687417
EID_16129,0.29873657
EID_15572,0.2242986
EID_21059,0.17910594
EID_7812,0.22382799
EID_15162,0.2535897
EID_6911,0.12945145
EID_17591,0.2202093
EID_22638,0.16383088
EID_3217,0.18376595
EID_10116,0.17571068
EID_23199,0.18070948
EID_18844,0.24753484
EID_19931,0.24984953
EID_22215,0.12650666
EID_14623,0.21585777
EID_7884,0.16523623
EID_3197,0.15032163
EID_11291,0.20079437
EID_3320,0.23278293
EID_12585,0.2301426
EID_13592,0.16850644
EID_11264,0.1875683
EID_6997,0.15228045
EID_2327,0.21447521
EID_9340,0.17735276
EID_14544,0.17573106
EID_13055,0.16256985
EID_14014,0.22414774
EID_7429,0.20028743
EID_19008,0.17058536
EID_14283,0.22413632
EID_10882,0.28751776
EID_5194,0.1938726
EID_23844,0.24336255
EID_22628,0.18038902
EID_10033,0.2739547
EID_13281,0.24749252
EID_23871,0.2077111
EID_3621,0.19348022
EID_12968,0.19474676
EID_5819,0.20664018
EID_6694,0.17728648
EID_17656,0.15638238
EID_8888,0.17162278
EID_14552,0.21074286
EID_15342,0.2456469
EID_7728,0.13825709
EID_10331,0.20082992
EID_5479,0.14995337
EID_25526,0.24820533
EID_12348,0.16627315
EID_6196,0.15734726
EID_3619,0.26278907
EID_11280,0.2260356
EID_18119,0.13087603
EID_18058,0.26861668
EID_20911,0.16724294
EID_19840,0.18968329
EID_11808,0.29733336
EID_16265,0.1524691
EID_25976,0.13266084
EID_3872,0.20084336
EID_23029,0.15740219
EID_11745,0.21226534
EID_9556,0.23500821
EID_19748,0.22719091
EID_23253,0.17515305
EID_16237,0.14804658
EID_11694,0.22796962
EID_12824,0.12589446
EID_12797,0.19344166
EID_3524,0.1925027
EID_10559,0.23053086
EID_22844,0.18657559
EID_22281,0.19832525
EID_9535,0.20934033
EID_1642,0.20722434
EID_17630,0.20758292
EID_15083,0.21412018
EID_2690,0.12666276
EID_12199,0.21207446
EID_3449,0.19901508
EID_12097,0.21005851
EID_23272,0.23137039
EID_6890,0.23733976
EID_2438,0.21519795
EID_6508,0.18187714
EID_10772,0.17860469
EID_6076,0.18253478
EID_3045,0.21663603
EID_24779,0.12550658
EID_12553,0.18467847
EID_24984,0.13474867
EID_17157,0.18570185
EID_11823,0.19561678
EID_4765,0.136395
EID_16143,0.14505783
EID_19658,0.20020849
EID_12035,0.16179901
EID_3481,0.19110787
EID_12776,0.15448672
EID_21160,0.16455084
EID_11127,0.19767997
EID_11784,0.1579017
EID_17458,0.16681421
EID_15653,0.19327301
EID_25399,0.17085615
EID_8799,0.21833962
EID_14529,0.15833619
EID_19407,0.25695068
EID_8224,0.28490132
EID_21582,0.2343108
EID_14807,0.24583653
EID_17338,0.16989791
EID_10635,0.18115318
EID_16300,0.22386104
EID_5155,0.16763106
EID_11136,0.17359644
EID_7716,0.16285834
EID_13041,0.20953569
EID_1572,0.13633671
EID_2382,0.11114082
EID_4568,0.15917408
EID_25153,0.17679638
EID_20523,0.161614
EID_2332,0.22176084
EID_6143,0.1711441
EID_19549,0.22742003
EID_24568,0.14740917
EID_23211,0.17928383
EID_2342,0.2606234
EID_2922,0.14374653
EID_6026,0.13491756
EID_10107,0.14598492
EID_14855,0.20161831
EID_18780,0.1541132
EID_10578,0.17975798
EID_3842,0.21842092
EID_10225,0.1589511
EID_15275,0.13601571
EID_10740,0.1338614
EID_9483,0.26137632
EID_11262,0.17996046
EID_24388,0.17348626
EID_19271,0.2152842
EID_15363,0.18795845
EID_16555,0.35831338
EID_7387,0.14598289
EID_2692,0.26128203
EID_19754,0.20139137
EID_10859,0.15590978
EID_16618,0.1744231
EID_1697,0.15424535
EID_3764,0.2079821
EID_4502,0.17092046
EID_19240,0.20043704
EID_22590,0.24326268
EID_14056,0.2413938
EID_20697,0.21528414
EID_2505,0.21173316
EID_23288,0.19163454
EID_23373,0.27524796
EID_18878,0.15580541
EID_11857,0.1312522
EID_25945,0.1955964
EID_18242,0.23807856
EID_22823,0.28853333
EID_5625,0.1813983
EID_6702,0.3351341
EID_24252,0.20657676
EID_12704,0.22493014
EID_1770,0.1989305
EID_10159,0.20766154
EID_3702,0.15078965
EID_2688,0.21275082
EID_19784,0.16545126
EID_3636,0.19049504
EID_14537,0.18668637
EID_4878,0.22064748
EID_10260,0.18601754
EID_5154,0.19113445
EID_21206,0.19102892
EID_15511,0.21274456
EID_8010,0.15520176
EID_6249,0.13805768
EID_7392,0.13905928
EID_18362,0.18036139
EID_14147,0.19532791
EID_24826,0.17648941
EID_10862,0.18790516
EID_3088,0.21065688
EID_2871,0.1399855
EID_22681,0.1861997
EID_3720,0.2136018
EID_21540,0.17865506
EID_3516,0.18419272
EID_10969,0.20460185
EID_11396,0.21994025
EID_11407,0.21390185
EID_19264,0.21729776
EID_12406,0.15815082
EID_19440,0.16860631
EID_22729,0.16069615
EID_21143,0.14372236
EID_19936,0.22933224
EID_13997,0.17123353
EID_15533,0.2040619
EID_22065,0.23160464
EID_6600,0.20601335
EID_15316,0.2621893
EID_10721,0.1392447
EID_20630,0.19051379
EID_17720,0.21144912
EID_7692,0.1668829
EID_25004,0.17226163
EID_1804,0.16114765
EID_25207,0.25710472
EID_7638,0.17641133
EID_8179,0.207106
EID_23406,0.14895508
EID_19285,0.19415253
EID_15333,0.20624456
EID_9685,0.1463288
EID_15725,0.21045405
EID_8302,0.14524394
EID_10726,0.20218343
EID_6168,0.18357223
EID_16711,0.20596066
EID_24881,0.19449496
EID_15281,0.21413767
EID_17428,0.12719944
EID_2814,0.18927869
EID_8717,0.18471536
EID_4395,0.21520934
EID_22871,0.21559128
EID_22152,0.18422607
EID_23649,0.13609779
EID_24748,0.22400865
EID_25426,0.15098777
EID_13986,0.16383019
EID_19704,0.2012271
EID_15554,0.26489896
EID_23100,0.16791472
EID_25408,0.14274856
EID_15870,0.1980184
EID_4048,0.33327526
EID_12712,0.2215985
EID_1937,0.15436134
EID_14246,0.14809579
EID_2569,0.12717167
EID_6228,0.10380784
EID_21309,0.15204349
EID_16971,0.19389299
EID_25273,0.22261912
EID_8968,0.2265347
EID_21475,0.21726432
EID_1982,0.19779679
EID_23627,0.19626957
EID_14209,0.15083739
EID_22365,0.26057148
EID_21031,0.14478377
EID_16883,0.32742596
EID_15734,0.16447994
EID_20840,0.15058345
EID_20792,0.18348667
EID_2652,0.19361332
EID_3079,0.19780153
EID_1425,0.21755439
EID_17271,0.16310292
EID_22724,0.26772058
EID_23964,0.22883886
EID_9333,0.21822208
EID_12374,0.22398368
EID_25107,0.24399328
EID_22869,0.26788387
EID_18753,0.17056632
EID_16805,0.20981541
EID_19994,0.16252908
EID_3004,0.18681294
EID_12616,0.20759854
EID_6090,0.1869564
EID_3303,0.18941742
EID_9435,0.23906395
EID_1838,0.15570155
EID_15681,0.18495068
EID_17496,0.32725063
EID_8456,0.16665825
EID_23174,0.1607039
EID_8285,0.18364412
EID_6547,0.18163887
EID_23648,0.12128717
EID_7958,0.17419606
EID_19299,0.15656188
EID_8699,0.17379773
EID_14528,0.1948382
EID_23167,0.1567632
EID_25289,0.17951304
EID_12802,0.2705421
EID_15986,0.20225012
EID_3609,0.19461334
EID_2045,0.12306097
EID_1788,0.17643073
EID_22630,0.12398401
EID_10542,0.19110563
EID_13101,0.2358396
EID_5159,0.21206367
EID_18490,0.19527411
EID_25693,0.13490638
EID_20514,0.15956768
EID_3713,0.12412
EID_11193,0.2700897
EID_6052,0.17775252
EID_6986,0.1521149
EID_9104,0.22167337
EID_23058,0.22203055
EID_3156,0.16588491
EID_17660,0.23295793
EID_17514,0.16329375
EID_15370,0.14883071
EID_12207,0.17509171
EID_7351,0.19838265
EID_24727,0.18175638
EID_6356,0.20774093
EID_15421,0.20403624
EID_11772,0.18984342
EID_14071,0.17731789
EID_16359,0.18169835
EID_16919,0.15050283
EID_21496,0.19696262
EID_10564,0.18321648
EID_3773,0.17536718
EID_9484,0.20819834
EID_13601,0.14932251
EID_13843,0.22010994
EID_8774,0.16723514
EID_7542,0.23289227
EID_3388,0.18621144
EID_17949,0.16705611
EID_1815,0.19230738
EID_10479,0.17355657
EID_10722,0.18935788
EID_3427,0.21486226
EID_18205,0.12777844
EID_21650,0.20569524
EID_23124,0.20737842
EID_4294,0.21008801
EID_13366,0.108213395
EID_13957,0.21996784
EID_3578,0.22888413
EID_24105,0.18473166
EID_13186,0.20182955
EID_24214,0.1552724
EID_17251,0.23580375
EID_23225,0.20186356
EID_2152,0.12650257
EID_10625,0.25843233
EID_2044,0.20862237
EID_7201,0.18447357
EID_2405,0.20666003
EID_22716,0.23542884
EID_22728,0.25188062
EID_21251,0.20935649
EID_6915,0.17206377
EID_14744,0.15346038
EID_15814,0.18572429
EID_6659,0.25964338
EID_10991,0.17060626
EID_6500,0.16429701
EID_19121,0.16220748
EID_6278,0.180372
EID_13236,0.1852834
EID_5382,0.18801227
EID_6871,0.17007259
EID_5012,0.19042206
EID_1268,0.20165822
EID_6588,0.19293323
EID_22163,0.2236104
EID_11121,0.22286966
EID_22615,0.15313962
EID_7838,0.2114197
EID_3344,0.13899904
EID_25292,0.15443152
EID_10730,0.19782788
EID_10317,0.17700893
EID_13443,0.2103067
EID_10988,0.1813946
EID_23091,0.23221162
EID_1839,0.17977571
EID_13892,0.19618914
EID_1496,0.20759836
EID_15045,0.15936986
EID_3744,0.16112325
EID_13010,0.24961615
EID_9716,0.19579402
EID_2993,0.19722101
EID_23435,0.17113543
EID_8587,0.25225472
EID_22132,0.1630565
EID_21413,0.20479763
EID_11881,0.22294685
EID_19850,0.2540958
EID_18460,0.14082083
EID_17983,0.20166934
EID_14888,0.2182078
EID_14002,0.17616966
EID_13524,0.16781452
EID_4049,0.1375866
EID_6535,0.18676019
EID_10557,0.15199026
EID_1313,0.18866533
EID_12424,0.14748895
EID_8210,0.20633772
EID_22378,0.16206655
EID_19644,0.14238602
EID_8790,0.18588734
EID_5778,0.21371329
EID_23887,0.18074909
EID_16103,0.26370436
EID_20604,0.18789178
EID_17378,0.19602016
EID_5566,0.13802505
EID_24264,0.14871427
EID_7814,0.26023918
EID_1968,0.1793988
EID_10282,0.20500383
EID_13648,0.1754987
EID_22376,0.17623201
EID_3690,0.207692
EID_17871,0.16255319
EID_19167,0.17543954
EID_5366,0.19935289
EID_16996,0.19288656
EID_1953,0.22326598
EID_8760,0.21042404
EID_20448,0.18481252
EID_15787,0.20535052
EID_18982,0.14477298
EID_4388,0.16704836
EID_22325,0.15046626
EID_10189,0.15743446
EID_21162,0.20390081
EID_1032,0.25525105
EID_12045,0.23878002
EID_18324,0.1610547
EID_15085,0.19362536
EID_21927,0.16596586
EID_13325,0.18976265
EID_17801,0.16400164
EID_7678,0.17229363
EID_17469,0.1642322
EID_14318,0.17785329
EID_16439,0.2646028
EID_2307,0.14555526
EID_20011,0.13305989
EID_19381,0.15678835
EID_14043,0.15678194
EID_14774,0.21216923
EID_22982,0.1556699
EID_19092,0.1478245
EID_13137,0.24276966
EID_5738,0.24239048
EID_19661,0.19722262
EID_22570,0.21043271
EID_16393,0.27068475
EID_4256,0.16307345
EID_17873,0.17395896
EID_13832,0.13441831
EID_17617,0.15755966
EID_3106,0.1789136
EID_6567,0.21208492
EID_4727,0.27015626
EID_14518,0.22543246
EID_1070,0.14616811
EID_19385,0.22313568
EID_20032,0.15747535
EID_11714,0.14513868
EID_23636,0.13086414
EID_1985,0.25503576
EID_5627,0.13046828
EID_15171,0.18782112
EID_8811,0.17400521
EID_2163,0.17438221
EID_8459,0.16528785
EID_18138,0.153572
EID_17518,0.1906892
EID_17432,0.15953037
EID_25686,0.14010575
EID_2470,0.2341212
EID_16311,0.19742793
EID_6903,0.20581496
EID_11990,0.20270857
EID_23460,0.18421715
EID_25924,0.22383046
EID_13985,0.16365215
EID_5455,0.20429605
EID_13427,0.22202882
EID_24855,0.22776875
EID_15532,0.20878178
EID_8953,0.22604251
EID_22683,0.16962159
EID_22493,0.20159334
EID_1451,0.2380377
EID_20796,0.19472402
EID_17281,0.16272917
EID_7767,0.2816368
EID_20838,0.16740274
EID_17235,0.13640332
EID_21615,0.2084611
EID_6972,0.1848419
EID_13930,0.18002892
EID_4188,0.2315175
EID_11277,0.11325255
EID_18053,0.17678618
EID_11288,0.1562942
EID_1148,0.23021385
EID_19216,0.23513469
EID_7660,0.12316796
EID_22805,0.19374129
EID_11931,0.17565772
EID_16921,0.14674556
EID_4993,0.1999923
EID_18070,0.13524458
EID_15648,0.16874507
EID_11404,0.17533422
EID_14248,0.21503836
EID_15424,0.2696089
EID_8039,0.14039499
EID_7094,0.21235508
EID_13161,0.17335421
EID_9293,0.16463783
EID_4351,0.2679601
EID_17259,0.20716462
EID_2681,0.16136321
EID_22123,0.19920588
EID_8528,0.1718798
EID_11798,0.18779087
EID_20265,0.16452172
EID_21396,0.20078465
EID_12220,0.22204462
EID_25722,0.18221962
EID_21719,0.22511831
EID_3506,0.16843379
EID_2139,0.28177714
EID_6562,0.16293523
EID_4353,0.17719653
EID_24392,0.2034958
EID_11238,0.17226851
EID_20617,0.20348361
EID_21473,0.22262105
EID_16837,0.21435204
EID_1800,0.13187474
EID_25849,0.19639951
EID_9395,0.25543857
EID_2415,0.16003293
EID_9286,0.19656682
EID_5081,0.16207904
EID_22546,0.1662077
EID_11932,0.20384619
EID_16292,0.14308578
EID_17882,0.18298852
EID_20889,0.24155101
EID_10031,0.12762237
EID_21576,0.2202748
EID_8256,0.13971254
EID_2614,0.1714985
EID_2098,0.16419327
EID_10242,0.21357313
EID_21993,0.16114742
EID_22664,0.20581585
EID_1919,0.17813256
EID_11629,0.1305514
EID_6840,0.19831187
EID_25493,0.2269181
EID_14968,0.13197616
EID_25313,0.1507881
EID_8035,0.18394089
EID_8969,0.16218033
EID_15223,0.1679481
EID_6266,0.21552137
EID_8184,0.18924254
EID_19480,0.19948196
EID_19076,0.2416048
EID_16339,0.2132763
EID_7963,0.23630044
EID_17427,0.17785454
EID_12641,0.15958622
EID_4122,0.18174002
EID_23659,0.27655566
EID_13486,0.15488371
EID_18423,0.18153855
EID_2181,0.19607693
EID_25490,0.16262358
EID_9211,0.16929758
EID_5237,0.21425459
EID_2418,0.19338393
EID_17716,0.15935963
EID_13837,0.186656
EID_2840,0.21136555
EID_13004,0.23614752
EID_14429,0.17780021
EID_18915,0.24610713
EID_22415,0.20927042
EID_4304,0.2129519
EID_10753,0.2040517
EID_22612,0.20455
EID_1857,0.24007192
EID_3566,0.15210429
EID_8545,0.23353875
EID_21685,0.19046462
EID_9946,0.22034767
EID_20447,0.16299987
EID_3887,0.17851883
EID_8351,0.21872315
EID_23889,0.32646713
EID_8248,0.18704638
EID_16621,0.24708521
EID_25138,0.17747301
EID_10004,0.23643121
EID_5522,0.24372607
EID_23416,0.13192168
EID_14897,0.19530138
EID_10840,0.17214593
EID_21716,0.22779074
EID_18484,0.20597604
EID_7402,0.25311482
EID_24854,0.19744453
EID_1610,0.22492033
EID_17592,0.10344133
EID_22128,0.16411534
EID_17304,0.19355923
EID_1508,0.21692526
EID_20492,0.19941083
EID_2324,0.20813671
EID_17093,0.16030616
EID_23356,0.18506703
EID_17895,0.17892313
EID_8186,0.19570094
EID_19358,0.21321312
EID_6030,0.17652369
EID_17457,0.1864793
EID_14976,0.20474836
EID_8914,0.1958074
EID_5721,0.17102686
EID_11266,0.25598973
EID_17012,0.2066018
EID_7554,0.17597005
EID_3087,0.20683119
EID_19716,0.1676315
EID_21723,0.20868018
EID_13072,0.22968662
EID_9776,0.2101458
EID_25927,0.18932241
EID_5593,0.12554634
EID_13954,0.18490028
EID_16034,0.17904717
EID_1719,0.14766052
EID_23054,0.22672886
EID_15591,0.18506649
EID_5178,0.22185278
EID_24346,0.27197737
EID_21264,0.23909608
EID_3292,0.18181896
EID_14975,0.25071955
EID_9165,0.23467684
EID_23369,0.17010081
EID_18767,0.18094888
EID_10153,0.16235998
EID_2542,0.1869317
EID_23826,0.23714116
EID_20391,0.19098946
EID_8633,0.18875626
EID_5875,0.22276548
EID_12699,0.16195479
EID_12982,0.19117135
EID_16392,0.1359464
EID_8185,0.19367826
EID_15462,0.23078653
EID_4853,0.19254625
EID_17622,0.18612012
EID_23074,0.22004703
EID_6390,0.1621114
EID_24539,0.22351319
EID_12963,0.19786245
EID_8649,0.20977253
EID_11810,0.16722995
EID_3598,0.18148556
EID_13511,0.19694039
EID_16014,0.17758319
EID_24791,0.2375369
EID_3417,0.22345501
EID_24668,0.1317527
EID_4508,0.17264244
EID_25150,0.21039987
EID_25934,0.15191364
EID_6308,0.24628523
EID_10508,0.23344955
EID_18724,0.17366922
EID_10536,0.19335455
EID_18738,0.140564
EID_15949,0.14312616
EID_20722,0.19098455
EID_14963,0.19745958
EID_6682,0.15470484
EID_8365,0.1980254
EID_17999,0.23301956
EID_24499,0.1597049
EID_20389,0.17055094
EID_12123,0.20824435
EID_19203,0.18038246
EID_3538,0.24665222
EID_19811,0.2068313
EID_11473,0.17962056
EID_3032,0.20966622
EID_8419,0.15266225
EID_9052,0.20211107
EID_15837,0.19467178
EID_6644,0.1808351
EID_16894,0.17378229
EID_10552,0.14976421
EID_14750,0.21388876
EID_16659,0.22364405
EID_4472,0.15849873
EID_4076,0.15165067
EID_5163,0.21845677
EID_25923,0.21339968
EID_24806,0.19738156
EID_3742,0.17694852
EID_19722,0.16147855
EID_18033,0.21687558
EID_16718,0.21351758
EID_13182,0.23250523
EID_23021,0.20032263
EID_20329,0.14407519
EID_8770,0.23018259
EID_11234,0.17261273
EID_18881,0.15160751
EID_1365,0.25848615
EID_19318,0.2304509
EID_19343,0.16606876
EID_4435,0.18667597
EID_22102,0.20971078
EID_24095,0.16430458
EID_9897,0.22665331
EID_21635,0.17094857
EID_16514,0.22689703
EID_1997,0.18223932
EID_10324,0.23624599
EID_6487,0.2786855
EID_21197,0.20604903
EID_19082,0.20337027
EID_17562,0.16880623
EID_8738,0.20824552
EID_13687,0.15524289
EID_19572,0.16009176
EID_24909,0.14034694
EID_21814,0.17990357
EID_12083,0.18166032
EID_25919,0.18662721
EID_19140,0.11111629
EID_23924,0.215473
EID_1208,0.20052058
EID_18170,0.2929384
EID_18699,0.19543606
EID_1318,0.16906741
EID_14941,0.16140756
EID_6540,0.18545964
EID_20936,0.20291653
EID_9705,0.22963354
EID_24181,0.22505975
EID_22138,0.2247633
EID_23044,0.20737365
EID_9038,0.20039865
EID_3247,0.22604263
EID_19630,0.17376241
EID_8655,0.20722175
EID_10423,0.21605942
EID_3946,0.17028996
EID_16512,0.23184273
EID_12473,0.24499467
EID_11571,0.22606987
EID_14381,0.20016834
EID_12675,0.29094893
EID_1930,0.21174213
EID_20155,0.21810132
EID_22902,0.15157735
EID_24145,0.17531553
EID_5342,0.19719124
EID_8334,0.22355354
EID_25708,0.20561075
EID_19991,0.21087417
EID_5499,0.1850605
EID_5953,0.18791428
EID_7444,0.22109774
EID_6218,0.23513958
EID_12891,0.22301912
EID_16456,0.23448995
EID_20256,0.21028456
EID_9959,0.22079095
EID_8845,0.17039055
EID_1662,0.14846647
EID_8739,0.21998468
EID_20695,0.274001
EID_19446,0.19650313
EID_12441,0.23368862
EID_13066,0.18300006
EID_8911,0.19716114
EID_22200,0.2022802
EID_9689,0.15495014
EID_1668,0.19130152
EID_8120,0.20364434
EID_22777,0.19594464
EID_19141,0.19905588
EID_22674,0.20389035
EID_16121,0.21843442
EID_14662,0.20879853
EID_23290,0.1582587
EID_20144,0.26332116
EID_23052,0.21292365
EID_25575,0.16924173
EID_23724,0.14273387
EID_14759,0.2251736
EID_25209,0.14849603
EID_17753,0.16373682
EID_4693,0.27194515
EID_17284,0.23006138
EID_9131,0.21097723
EID_24625,0.15102541
EID_24912,0.22434789
EID_19612,0.1559174
EID_9147,0.12116492
EID_6891,0.17995611
EID_10639,0.20191732
EID_5880,0.14459074
EID_22547,0.26973045
EID_10066,0.12653285
EID_7126,0.09808916
EID_4929,0.25331643
EID_24750,0.14875698
